,address,area,date,location,time,type
0,70X RICHARDS ST,DOWNTOWN,11/9/2016,HARBOR SQUARE HARBOR,8:41:46 PM,MOTOR VEHICLE COLLISION
1,92X HALA DR,KALIHI,11/9/2016, ,8:37:17 PM,MOTOR VEHICLE COLLISION
2,222X S KING ST,MCCULLY,11/9/2016,ROSS MOILIILI,8:35:30 PM,TRAFFIC NUISANCE OR PARKING VIOLATION
3,PLANTATION RD&WAIANAE; VALLEY R,WAIANAE,11/9/2016, ,8:33:00 PM,TRAFFIC NUISANCE OR PARKING VIOLATION
4,KOMO MAI DR&WAIMANO; HOME RD,PEARL CITY,11/9/2016, ,8:29:22 PM,MOTOR VEHICLE COLLISION
5,KAM HWY & WHITMORE AVE, ,11/9/2016,KUKANILOKO,7:59:47 PM,MOTOR VEHICLE COLLISION
6,45028X KANEOHE BAY DR,KANEOHE,11/9/2016,BAYVIEW GC,3:48:39 PM,MOTOR VEHICLE COLLISION
7,H1W EXIT23 LUNALILO,MAKIKI,11/9/2016,H1W EXIT23 LUNALILO,3:36:53 PM,STALLED/HAZARDOUS VEHICLE
8,94119X KAPEHU ST,WAIPAHU,11/9/2016, ,3:33:01 PM,MOTOR VEHICLE COLLISION
9,KALIHI ONTO H1E,KALIHI,11/9/2016,KALIHI ONTO H1E,3:30:37 PM,MOTOR VEHICLE COLLISION
10,122X MAMALU ST,KALIHI,11/9/2016, ,3:27:12 PM,MOTOR VEHICLE COLLISION
11,KALAKAUA AVE&KUHIO; AVE,WAIKIKI,11/9/2016, ,3:25:40 PM,MOTOR VEHICLE COLLISION
12,2X SAND ISLAND ACC RD,KALIHI,11/9/2016,KEEHI MARINE CTR,3:23:02 PM,HAZARDOUS DRIVER
13,134X AKIAHALA ST,KAILUA,11/9/2016, ,3:18:40 PM,MOTOR VEHICLE COLLISION
14,45003X KANEOHE BAY DR,KANEOHE,11/9/2016,YWCA KOKOKAHI,3:14:37 PM,HAZARDOUS DRIVER
15,120X PROSPECT ST,PUNCHBOWL,11/9/2016,STEVENSON REC CTR,3:11:43 PM,MOTOR VEHICLE COLLISION
16,BETHEL ST&S; NIMITZ HWY,DOWNTOWN,11/9/2016, ,3:11:39 PM,TRAFFIC NUISANCE OR PARKING VIOLATION
17,5X H1E FWY,EWA BEACH,11/9/2016,H1E KUNIA OFF,3:11:08 PM,HAZARDOUS DRIVER
18,FARRINGTON HWY&LUALUALEI; HMSTD,WAIANAE,11/9/2016, ,3:01:57 PM,TRAFFIC SIGNAL PROBLEM
19,92X KINAU ST,HONOLULU,11/9/2016, ,3:01:30 PM,MOTOR VEHICLE COLLISION
20,KOOLANI DR&MEHEU; ST,MILILANI,11/9/2016, ,2:57:15 PM,TRAFFIC NUISANCE OR PARKING VIOLATION
21,FARRINGTON HWY&LUALUALEI; NAVAL,NANAKULI,11/9/2016, ,2:56:57 PM,TRAFFIC SIGNAL PROBLEM
22,34X W MOANALUA FWY,MOANALUA V,11/9/2016,MFW PUULOA ON,5:48:13 PM,MOTOR VEHICLE COLLISION
23,124X NEHOA ST,MAKIKI,11/9/2016, ,5:47:19 PM,MOTOR VEHICLE COLLISION
24,KALAELOA BLVD&MALAKOLE; ST,KAPOLEI,11/9/2016, ,5:43:25 PM,MOTOR VEHICLE COLLISION
25,CITRON ST&MCCULLY; ST,MCCULLY,11/9/2016, ,5:35:13 PM,MOTOR VEHICLE COLLISION
26,PALAILAI ST&UHIUALA; ST,MAKAKILO,11/9/2016, ,5:29:44 PM,MOTOR VEHICLE COLLISION
27,KAM HWY&SALT; LAKE BLVD,AIEA,11/9/2016, ,5:27:00 PM,MOTOR VEHICLE COLLISION
28,92050X FARRINGTON HWY,KAPOLEI,11/9/2016,KOOLINA RESORT,5:23:23 PM,HAZARDOUS DRIVER
29,KAM/WAIKALANI NB, ,11/9/2016, ,5:21:56 PM,STALLED/HAZARDOUS VEHICLE
30,22X H1E FWY,HONOLULU,11/9/2016,H1E WARD OP,5:17:57 PM,MOTOR VEHICLE COLLISION
31,AUWAI DR&THOMAS; ST,WAHIAWA,11/9/2016, ,5:16:11 PM,TRAFFIC NUISANCE OR PARKING VIOLATION
32,COLBURN ST&WAIAKAMILO; RD,KALIHI,11/9/2016, ,5:13:23 PM,MOTOR VEHICLE COLLISION
33,24X H1E FWY,MCCULLY,11/9/2016,H1E BINGHAM OFF,5:10:33 PM,STALLED/HAZARDOUS VEHICLE
34,12X H1E FWY,AIEA,11/9/2016,H1E KAAMILO OP,5:09:12 PM,MOTOR VEHICLE COLLISION
35,H1E AIEA OFF,AIEA,11/9/2016,H1E AIEA OFF,5:02:21 PM,MOTOR VEHICLE COLLISION
36,22X H1E FWY,HONOLULU,11/9/2016,H1E WARD ON,5:01:02 PM,MOTOR VEHICLE COLLISION
37,480X JONES CT,MOANALUA T,11/9/2016, ,4:56:23 PM,MOTOR VEHICLE COLLISION
38,PENSACOLA ST&PIIKOI; ST,MAKIKI,11/10/2016, ,8:50:46 AM,MOTOR VEHICLE COLLISION
39,3X KIHAPAI ST,KAILUA,11/10/2016,HARDWARE HAWAII,8:50:28 AM,MOTOR VEHICLE COLLISION
40,H3E E HARANO TUNNEL,KANEOHE,11/10/2016,H3E E HARANO TUNNEL,8:49:34 AM,STALLED/HAZARDOUS VEHICLE
41,45072X KEAAHALA RD,KANEOHE,11/10/2016,WCC,8:41:36 AM,TRAFFIC NUISANCE OR PARKING VIOLATION
42,BISHOP ST&S; KING ST,DOWNTOWN,11/10/2016, ,8:37:55 AM,TRAFFIC SIGNAL PROBLEM
43,HUNAKAI ST&WAIALAE; AVE,KAIMUKI,11/10/2016, ,8:36:08 AM,MOTOR VEHICLE COLLISION
44,KUNIA ONTO H1E,WAIPAHU,11/10/2016,KUNIA ONTO H1E,8:35:30 AM,STALLED/HAZARDOUS VEHICLE
45,5X H1E FWY,EWA BEACH,11/10/2016,H1E EWA OFF,8:34:15 AM,TRAFFIC NUISANCE OR PARKING VIOLATION
46,FORT WEAVER RD&PAPIPI; RD,EWA BEACH,11/10/2016,FORT WEAVER RD&PAPIPI; RD,8:27:59 AM,TRAFFIC SIGNAL PROBLEM
47,BISHOP ST&S; HOTEL ST,DOWNTOWN,11/10/2016, ,8:23:50 AM,MOTOR VEHICLE COLLISION
48,22X H1W FWY,PUNCHBOWL,11/10/2016,H1W VINEYARD OFF,8:13:49 AM,STALLED/HAZARDOUS VEHICLE
49,KAAHUMANU ST&MOANALUA; RD,PEARL CITY,11/10/2016,.,8:13:43 AM,TRAFFIC NUISANCE OR PARKING VIOLATION
50,ISENBERG ST&S; KING ST,MCCULLY,11/10/2016, ,8:02:55 AM,TRAFFIC NUISANCE OR PARKING VIOLATION
51,LILIHA ACCESS RD&N; SCHOOL ST,NUUANU,11/10/2016, ,7:59:46 AM,MOTOR VEHICLE COLLISION
52,N KUAKINI ST&LILIHA; ST,NUUANU,11/10/2016, ,7:55:25 AM,MOTOR VEHICLE COLLISION
53,KAM HWY&LEILEHUA; GOLF CRS RD,MILILANI,11/10/2016, ,7:55:00 AM,TRAFFIC NUISANCE OR PARKING VIOLATION
54,LILIHA ST&N; VINEYARD BLVD,KALIHI,11/11/2016,CANC,2:43:09 AM,TRAFFIC SIGNAL PROBLEM
55,N KING ST&PALAMA; ST,KALIHI,11/11/2016, ,2:39:25 AM,TRAFFIC SIGNAL PROBLEM
56,H3E E HARANO TUNNEL,KANEOHE,11/11/2016,H3E E HARANO TUNNEL,2:36:54 AM,STALLED/HAZARDOUS VEHICLE
57,LILIHA ST&N; VINEYARD BLVD,KALIHI,11/11/2016, ,2:26:20 AM,TRAFFIC SIGNAL PROBLEM
58,PALAMA ST&N; VINEYARD BLVD,KALIHI,11/11/2016, ,2:19:34 AM,MOTOR VEHICLE COLLISION
59,KINAU ST&MAKIKI; ST,HONOLULU,11/11/2016, ,1:59:22 AM,MOTOR VEHICLE COLLISION
60,92030X FARRINGTON HWY,NANAKULI,11/10/2016,KAHE POINT,5:52:28 PM,MOTOR VEHICLE COLLISION
61,35X SUMNER ST,KALIHI,11/10/2016,IHS IWILEI,5:51:34 PM,TRAFFIC NUISANCE OR PARKING VIOLATION
62,52X PEPEEKEO ST,HAWAII KAI,11/10/2016,7ELEVEN HAWAII KAI,5:33:18 PM,TRAFFIC INCIDENT - NO COLLISION
63,433X WAIALAE AVE,KAHALA,11/10/2016,ALOHA GAS KAHALA,5:31:00 PM,MOTOR VEHICLE COLLISION
64,112X KAM IV RD,KALIHI,11/10/2016, ,5:22:45 PM,MOTOR VEHICLE COLLISION
65,600X PALI HWY,KAILUA,11/10/2016,PALI TUNNELS D4 N,5:19:57 PM,HAZARDOUS DRIVER
66,33X KEAHOLE ST,HAWAII KAI,11/10/2016,CITY MILL HAWAII KAI,5:15:54 PM,MOTOR VEHICLE COLLISION
67,20X OHUA AVE,WAIKIKI,11/10/2016,WAIKIKI BANYAN INC,5:07:34 PM,MOTOR VEHICLE COLLISION
68,S BERETANIA ST&LAUHALA; ST,HONOLULU,11/10/2016, ,5:06:30 PM,MOTOR VEHICLE COLLISION
69,LUNALILO ST&PIIKOI; ST,MAKIKI,11/10/2016, ,4:59:44 PM,MOTOR VEHICLE COLLISION
70,11X H1W FWY,PEARL CITY,11/10/2016,H1W PEARL CITY OFF,9:54:02 PM,HAZARDOUS DRIVER
71,H2S EXIT 9&WILIKINA; DR,WAHIAWA,11/10/2016, ,9:43:48 PM,TRAFFIC NUISANCE OR PARKING VIOLATION
72,221X N SCHOOL ST,KALIHI,11/10/2016,SUNNYS MART,9:35:34 PM,MOTOR VEHICLE COLLISION
73,111X BANYAN ST,KALIHI,11/10/2016,HALE O KANOA,9:35:29 PM,MOTOR VEHICLE COLLISION
74,136X PALI HWY,DOWNTOWN,11/10/2016,SAFEWAY PALI,9:35:25 PM,MOTOR VEHICLE COLLISION
75,KAHALA AVE&ROYAL; PL,KAHALA,11/10/2016, ,9:23:45 PM,TRAFFIC NUISANCE OR PARKING VIOLATION
76,288X ALA ILIMA,SALT LAKE,11/10/2016,FIVE REGENTS CONDO,9:08:13 PM,MOTOR VEHICLE COLLISION
77,94022X LEOKU ST,WAIPAHU,11/10/2016,WAIPAHU SHOP VILLAGE,9:02:29 PM,MOTOR VEHICLE COLLISION
78,11X H1W FWY,PEARL CITY,11/10/2016,H1W WAIMALU OFF,8:58:49 PM,MOTOR VEHICLE COLLISION
79,45020X WILLIAM HENRY RD,KANEOHE,11/10/2016, ,8:57:11 PM,TRAFFIC NUISANCE OR PARKING VIOLATION
80,41X ATKINSON DR,ALA MOANA,11/10/2016,ALA MOANA HTL,8:56:46 PM,STALLED/HAZARDOUS VEHICLE
81,95100X KAMALINO ST,MILILANI,11/11/2016, ,1:34:25 AM,MOTOR VEHICLE COLLISION
82,7TH AVE&HARDING; AVE,KAIMUKI,11/11/2016, ,12:55:52 AM,MOTOR VEHICLE COLLISION
83,H3E HALAWA VLY UP,AIEA,11/9/2016,H3E HALAWA VLY UP,2:48:47 PM,STALLED/HAZARDOUS VEHICLE
84,112X 16TH AVE,KAIMUKI,11/9/2016, ,2:46:57 PM,MOTOR VEHICLE COLLISION
85,193X S KING ST,MCCULLY,11/9/2016,JIMBO,2:41:57 PM,MOTOR VEHICLE COLLISION
86,FARRINGTON HWY&LUALUALEI; NAVAL,NANAKULI,11/9/2016, ,2:39:00 PM,TRAFFIC SIGNAL PROBLEM
87,PALI HWY&PUIWA; RD,NUUANU,11/9/2016, ,2:36:54 PM,STALLED/HAZARDOUS VEHICLE
88,94058X AWAMOI ST,WAIPAHU,11/9/2016, ,2:34:29 PM,MOTOR VEHICLE COLLISION
89,KAPANOE ST&KENI; ST,MILILANI,11/9/2016, ,2:32:20 PM,TRAFFIC NUISANCE OR PARKING VIOLATION
90,20X H1W FWY,KALIHI,11/9/2016,H1W LIKELIKE OFF,2:29:40 PM,MOTOR VEHICLE COLLISION
91,15X H1W FWY,AIRPORT,11/9/2016,H1W PEARL HARBOR OFF,2:29:07 PM,MOTOR VEHICLE COLLISION
92,55018X KAM HWY,LAIE,11/9/2016,POUNDERS BCH,2:14:07 PM,MOTOR VEHICLE COLLISION
93,N NIMITZ HWY&PACIFIC; ST,KALIHI,11/9/2016,LOWES P/LOT,2:11:43 PM,MOTOR VEHICLE COLLISION
94,95X KAWAIAHAO ST,HONOLULU,11/9/2016, ,2:07:25 PM,MOTOR VEHICLE COLLISION
95,86003X FARRINGTON HWY,WAIANAE,11/9/2016,TAMURA SUPERETTE,2:06:59 PM,MOTOR VEHICLE COLLISION
96,16X H1E FWY,AIRPORT,11/9/2016,H1E AIRPORT OFF,1:56:40 PM,HAZARDOUS DRIVER
97,LIKELIKE HWY&N; SCHOOL ST,KALIHI,11/9/2016, ,1:55:13 PM,HAZARDOUS DRIVER
98,KAIMAKANI ST&ULUNE; ST,AIEA,11/10/2016, ,10:45:25 PM,MOTOR VEHICLE COLLISION
99,91101X HAMANA ST,EWA BEACH,11/10/2016, ,10:41:09 PM,MOTOR VEHICLE COLLISION
100,294X DATE ST,KAPAHULU,11/10/2016, ,10:28:44 PM,MOTOR VEHICLE COLLISION
101,13X H1W FWY,AIEA,11/10/2016,H1W AIEA OFF,10:13:00 PM,HAZARDOUS DRIVER
102,92020X FARRINGTON HWY,NANAKULI,11/10/2016,HECO KAHE POWER PLAN,10:10:40 PM,HAZARDOUS DRIVER
103,5X H1W FWY,WAIPAHU,11/9/2016,H1W KUNIA OFF,10:39:46 PM,HAZARDOUS DRIVER
104,71040X KAM HWY,WAHIAWA,11/9/2016,BRIDGE KARSTEN THOT,10:20:39 PM,STALLED/HAZARDOUS VEHICLE
105,5X H1W FWY,KUNIA,11/9/2016,H1W EWA OFF,10:19:13 PM,HAZARDOUS DRIVER
106,LIKELIKE HWY&N; SCHOOL ST,KALIHI,11/9/2016, ,10:01:06 PM,HAZARDOUS DRIVER
107,400X LIKELIKE HWY,KALIHI,11/9/2016,WILSON TUNNEL D5 S,9:57:36 PM,HAZARDOUS DRIVER
108,101X KILANI AVE,WAHIAWA,11/9/2016,SUNNY SIDE CAFE,11:45:34 AM,MOTOR VEHICLE COLLISION
109,2X H2N FWY,PEARL CITY,11/9/2016,H2N KA UKA OFF,11:43:48 AM,TRAFFIC NUISANCE OR PARKING VIOLATION
110,123X WANAKA ST,SALT LAKE,11/9/2016, ,11:42:25 AM,MOTOR VEHICLE COLLISION
111,745X KALANIANAOLE HWY,HAWAII KAI,11/9/2016,HANAUMA BAY,11:38:48 AM,MOTOR VEHICLE COLLISION
112,94005X FARRINGTON HWY,WAIPAHU,11/9/2016,WAIPAHU TOWN CTR,11:31:19 AM,HAZARDOUS DRIVER
113,KAAHUMANU ST&KAM; HWY,PEARL CITY,11/9/2016, ,11:21:55 AM,MOTOR VEHICLE COLLISION
114,98100X MOANALUA RD,AIEA,11/9/2016,PRSC UPTOWN,11:03:27 AM,MOTOR VEHICLE COLLISION
115,50X 18TH AVE,KAHALA,11/9/2016,DH FILM STUDIO,10:59:49 AM,MOTOR VEHICLE COLLISION
116,FARRINGTON HWY&LUALUALEI; HMSTD,WAIANAE,11/9/2016, ,10:58:22 AM,MOTOR VEHICLE COLLISION
117,145X ALA MOANA,ALA MOANA,11/9/2016,ALA MOANA SC,10:56:22 AM,MOTOR VEHICLE COLLISION
118,KAALA ST&UNIVERSITY; AVE,MANOA,11/8/2016,MID PACIFIC SCHOOL,6:30:57 PM,MOTOR VEHICLE COLLISION
119,LUEHU ST&WAIMANO; HOME RD,PEARL CITY,11/8/2016, ,6:29:10 PM,MOTOR VEHICLE COLLISION
120,19X H1W FWY,MOANALUA V,11/8/2016,H1W MIDDLE OP,6:27:20 PM,TRAFFIC NUISANCE OR PARKING VIOLATION
121,MFW FT SHAFTER OFF,MOANALUA V,11/8/2016,MFW FT SHAFTER OFF,6:23:37 PM,TRAFFIC NUISANCE OR PARKING VIOLATION
122,38X KAPAHULU AVE,WAIKIKI,11/8/2016,HFD WAIKIKI 7,6:16:39 PM,MOTOR VEHICLE COLLISION
123,X SAND ISLAND ACC RD,KALIHI,11/8/2016,BRIDGE SAND ISLAND,6:16:09 PM,STALLED/HAZARDOUS VEHICLE
124,67001X FARRINGTON HWY,WAIALUA,11/8/2016,ERICS SERVICE STN,6:14:50 PM,MOTOR VEHICLE COLLISION
125,11X H1W FWY,PEARL CITY,11/8/2016,H1W PEARL CITY OFF,6:12:34 PM,MOTOR VEHICLE COLLISION
126,94020X PUPUKAHI ST,WAIPAHU,11/8/2016,LEEWARD DRIVE IN,6:12:02 PM,MOTOR VEHICLE COLLISION
127,JOSEPH P LEONG HWY&KAM; HWY,HALEIWA,11/8/2016, ,6:09:37 PM,MOTOR VEHICLE COLLISION
128,AHUA ST&N; NIMITZ HWY,AIRPORT,11/8/2016, ,6:09:29 PM,MOTOR VEHICLE COLLISION
129,16X KAIHOLU ST,KAILUA,11/8/2016,KAINALU ES,6:06:47 PM,MOTOR VEHICLE COLLISION
130,LILIPUNA PL&LILIPUNA; RD,KANEOHE,11/8/2016, ,5:53:23 PM,MOTOR VEHICLE COLLISION
131,20X H1W FWY,KALIHI,11/8/2016,H1W HOUGHTAILING OFF,5:51:26 PM,TRAFFIC NUISANCE OR PARKING VIOLATION
132,272X DATE ST,KAPAHULU,11/8/2016, ,5:42:09 PM,MOTOR VEHICLE COLLISION
133,85025X FARRINGTON HWY,WAIANAE,11/10/2016,WAIANAE HS,1:49:02 PM,TRAFFIC NUISANCE OR PARKING VIOLATION
134,12X H1W FWY,AIEA,11/10/2016,H1W KAAMILO OP,1:40:12 PM,MOTOR VEHICLE COLLISION
135,11X H1W FWY,PEARL CITY,11/10/2016,H1W WAIMALU OFF,1:29:38 PM,MOTOR VEHICLE COLLISION
136,7X H1W FWY,WAIPIO,11/10/2016,H1W WAIKELE OFF,1:23:43 PM,HAZARDOUS DRIVER
137,AUIKI ST&SAND; ISLAND ACC RD,KALIHI,11/10/2016, ,1:17:52 PM,MOTOR VEHICLE COLLISION
138,91533X KAPOLEI PKWY,KAPOLEI,11/10/2016,KAPOLEI MS,1:17:38 PM,TRAFFIC NUISANCE OR PARKING VIOLATION
139,9X H1E FWY,WAIPAHU,11/10/2016,H1E WAIAWA OP,1:16:12 PM,MOTOR VEHICLE COLLISION
140,2X S H2 FWY,WAIPAHU,11/10/2016,H2S KA UKA OFF,1:08:20 PM,TRAFFIC NUISANCE OR PARKING VIOLATION
141,11X H1W FWY,PEARL CITY,11/10/2016,H1W WAIMALU OFF,12:56:00 PM,MOTOR VEHICLE COLLISION
142,25X H1E FWY,MCCULLY,11/9/2016,H1E KING OFF,4:34:09 AM,TRAFFIC NUISANCE OR PARKING VIOLATION
143,AALA ST&N; BERETANIA ST,DOWNTOWN,11/11/2016, ,3:50:34 AM,TRAFFIC SIGNAL PROBLEM
144,124X ALOHA OE DR,KAILUA,11/11/2016, ,3:26:18 AM,MOTOR VEHICLE COLLISION
145,10X H1E FWY,PEARL CITY,11/10/2016,H1E EXIT10 WAIMALU,12:54:08 PM,TRAFFIC NUISANCE OR PARKING VIOLATION
146,101X KAILI ST,KALIHI,11/10/2016,KALIHI QUEENS SUPER,12:51:49 PM,MOTOR VEHICLE COLLISION
147,LUALUALEI HMSTD RD&MILL; ST,WAIANAE,11/10/2016, ,12:50:08 PM,MOTOR VEHICLE COLLISION
148,KAM HWY&PULAMA; RD,KAHALUU,11/10/2016, ,12:33:10 PM,STALLED/HAZARDOUS VEHICLE
149,230X S KING ST,MCCULLY,11/10/2016, ,12:32:32 PM,MOTOR VEHICLE COLLISION
150,85099X FARRINGTON HWY,WAIANAE,11/10/2016,7-ELEVEN HAWAII INC,12:23:28 PM,TRAFFIC INCIDENT - NO COLLISION
151,33X E MOANALUA FWY,SALT LAKE,11/10/2016,MFE TRIPLER OFF,12:20:23 PM,TRAFFIC NUISANCE OR PARKING VIOLATION
152,177X S KING ST,MCCULLY,11/10/2016,TIMES MARKET MCCULLY,12:18:24 PM,MOTOR VEHICLE COLLISION
153,105X ALA MOANA,HONOLULU,11/10/2016,WARD WAREHOUSE,12:17:17 PM,MOTOR VEHICLE COLLISION
154,116X BETHEL ST,DOWNTOWN,11/10/2016, ,12:16:29 PM,MOTOR VEHICLE COLLISION
155,5X H1W FWY,KUNIA,11/10/2016,H1W EWA OFF,12:12:19 PM,HAZARDOUS DRIVER
156,KAM HWY&LEHUA; AVE,PEARL CITY,11/10/2016, ,12:11:02 PM,HAZARDOUS DRIVER
157,MAKAKILO DR&PALAILAI; ST,MAKAKILO,11/10/2016, ,12:04:43 PM,TRAFFIC NUISANCE OR PARKING VIOLATION
158,ATKINSON DR&KONA; ST,ALA MOANA,11/10/2016, ,11:56:30 AM,MOTOR VEHICLE COLLISION
159,102X KAM HWY,PEARL CITY,11/10/2016,HOME DEPOT PEARL CIT,11:54:23 AM,MOTOR VEHICLE COLLISION
160,362X NUUANU PALI DR,NUUANU,11/10/2016, ,11:54:08 AM,MOTOR VEHICLE COLLISION
161,293X HARDING AVE,KAPAHULU,11/9/2016,FOODLAND MARKET CITY,11:38:57 PM,MOTOR VEHICLE COLLISION
162,458X KAPOLEI PKWY,KAPOLEI,11/8/2016,COSTCO KAPOLEI,8:34:08 PM,MOTOR VEHICLE COLLISION
163,ALA MOANA&SOUTH; ST,KAKAAKO,11/8/2016, ,8:33:08 PM,TRAFFIC NUISANCE OR PARKING VIOLATION
164,45052X LULUKU RD,KANEOHE,11/8/2016,KC MARTIAL ARTS,8:31:34 PM,MOTOR VEHICLE COLLISION
165,47025X HUI IWA ST,KANEOHE,11/8/2016,MCDONALDS TEMPLE VLY,8:25:45 PM,MOTOR VEHICLE COLLISION
166,19X H1W FWY,KALIHI,11/8/2016,H1W MIDDLE OFF,8:21:29 PM,TRAFFIC NUISANCE OR PARKING VIOLATION
167,8TH AVE&HARDING; AVE,KAIMUKI,11/8/2016, ,8:12:06 PM,STALLED/HAZARDOUS VEHICLE
168,11X H1W FWY,PEARL CITY,11/8/2016,H1W WAIMALU OFF,7:58:24 PM,TRAFFIC NUISANCE OR PARKING VIOLATION
169,H3W ONTO H1W,AIEA,11/8/2016,H3W ONTO H1W,7:54:23 PM,STALLED/HAZARDOUS VEHICLE
170,H3E LOOKOUT,KAILUA,11/10/2016,H3E LOOKOUT,11:49:58 PM,MOTOR VEHICLE COLLISION
171,86003X FARRINGTON HWY,WAIANAE,11/10/2016,TAMURA SUPERETTE,11:13:30 PM,HAZARDOUS DRIVER
172,186X KAHAKAI DR,ALA MOANA,11/10/2016,COMMODORE APTS,11:01:01 PM,TRAFFIC NUISANCE OR PARKING VIOLATION
173,9X H1E FWY,WAIPAHU,11/9/2016,H1E WAIPAHU ON,10:35:59 AM,TRAFFIC NUISANCE OR PARKING VIOLATION
174,143X KONA ST,ALA MOANA,11/9/2016,PH HAWAII,10:26:51 AM,MOTOR VEHICLE COLLISION
175,N KAM HWY&KILANI; AVE,WAHIAWA,11/9/2016, ,10:20:23 AM,STALLED/HAZARDOUS VEHICLE
176,ALAHAO PL&SAND; ISLAND ACC RD,KALIHI,11/9/2016, ,10:18:40 AM,MOTOR VEHICLE COLLISION
177,92030X FARRINGTON HWY,NANAKULI,11/9/2016,KAHE POINT,10:18:29 AM,MOTOR VEHICLE COLLISION
178,25X H1W FWY,KAIMUKI,11/9/2016,H1W KAPIOLANI OFF,10:13:07 AM,TRAFFIC NUISANCE OR PARKING VIOLATION
179,91X SIMON RD,KALIHI,11/9/2016, ,10:02:21 AM,MOTOR VEHICLE COLLISION
180,KINAU ST&PIIKOI; ST,HONOLULU,11/9/2016, ,9:58:17 AM,STALLED/HAZARDOUS VEHICLE
181,PUHAWAI RD&PUUHULU; RD,WAIANAE,11/9/2016, ,4:41:38 PM,TRAFFIC NUISANCE OR PARKING VIOLATION
182,3X H1E FWY,KAPOLEI,11/9/2016,H1E EXIT3 KAPOLEI,4:37:34 PM,MOTOR VEHICLE COLLISION
183,45099X LIKELIKE HWY,KANEOHE,11/9/2016,WILSON TUNNEL D4 N,4:36:14 PM,TRAFFIC NUISANCE OR PARKING VIOLATION
184,19X H1E FWY,KALIHI,11/9/2016,H1E GULICK OP,4:31:17 PM,MOTOR VEHICLE COLLISION
185,225X KALAKAUA AVE,WAIKIKI,11/9/2016,ROYAL HAWN HTL,4:28:13 PM,MOTOR VEHICLE COLLISION
186,MFW EXIT2 RED HILL,MOANALUA V,11/9/2016,MFW EXIT2 RED HILL,4:27:36 PM,MOTOR VEHICLE COLLISION
187,H1W FWY & KAONOHI ST,AIEA,11/9/2016,H1W KAONOHI OP,4:26:10 PM,STALLED/HAZARDOUS VEHICLE
188,ALA KAPUNA & W MOANALUA FWY,MOANALUA V,11/9/2016,MFW ALA KAPUNA OP,4:13:44 PM,MOTOR VEHICLE COLLISION
189,ALA MOANA&KAMAKEE; ST,HONOLULU,11/9/2016, ,4:04:16 PM,MOTOR VEHICLE COLLISION
190,37X KEAHOLE ST,HAWAII KAI,11/9/2016,HAWAII KAI SC,4:00:31 PM,MOTOR VEHICLE COLLISION
191,145X ALA MOANA,ALA MOANA,11/9/2016,AMSC,3:58:31 PM,MOTOR VEHICLE COLLISION
192,KIHAPAI ST&ONEAWA; ST,KAILUA,11/9/2016, ,2:46:47 AM,TRAFFIC NUISANCE OR PARKING VIOLATION
193,91166X FORT WEAVER RD,EWA BEACH,11/8/2016,7ELEVEN EWA VILLAGES,11:53:03 PM,TRAFFIC NUISANCE OR PARKING VIOLATION
194,GULICK AVE&N; SCHOOL ST,KALIHI,11/8/2016, ,10:55:05 PM,TRAFFIC NUISANCE OR PARKING VIOLATION
195,NUUANU PALI DR&PALI; HWY,NUUANU,11/9/2016, ,6:50:55 PM,TRAFFIC NUISANCE OR PARKING VIOLATION
196,130X DOMINIS ST,MAKIKI,11/9/2016, ,6:37:53 PM,MOTOR VEHICLE COLLISION
197,55039X KAM HWY,LAIE,11/9/2016,CHEVRON LAIE,6:32:19 PM,MOTOR VEHICLE COLLISION
198,56025X KAM HWY,LAIE,11/9/2016,GUNSTOCK RANCH,6:28:45 PM,HAZARDOUS DRIVER
199,92078X FARRINGTON HWY,KAPOLEI,11/9/2016,HONOKAI HALE,6:27:32 PM,HAZARDOUS DRIVER
200,4X KANEOHE BAY DR,KAILUA,11/9/2016,HFD AIKAHI 19,6:23:45 PM,MOTOR VEHICLE COLLISION
201,AULOA RD&PALI; HWY,KANEOHE,11/9/2016,KANEOHE RANCH PLOT,6:21:51 PM,MOTOR VEHICLE COLLISION
202,1X H1W FWY,MAKAKILO,11/9/2016,H1W MAKAKILO OFF,6:18:29 PM,HAZARDOUS DRIVER
203,KANEOHE BAY DR&NANAMOANA; ST,KANEOHE,11/9/2016, ,6:12:36 PM,MOTOR VEHICLE COLLISION
204,24X H1E FWY,MCCULLY,11/9/2016,H1E UNIVERSITY OFF,6:11:13 PM,MOTOR VEHICLE COLLISION
205,KALAELOA BLVD&LAUWILIWILI; ST,KAPOLEI,11/9/2016, ,6:05:58 PM,MOTOR VEHICLE COLLISION
206,195X N KING ST,KALIHI,11/9/2016,BOH KALIHI,6:01:13 PM,MOTOR VEHICLE COLLISION
207,99046X IWAIWA ST,AIEA,11/9/2016, ,5:57:43 PM,MOTOR VEHICLE COLLISION
208,99071X HUKAA ST,AIEA,11/9/2016, ,5:57:21 PM,MOTOR VEHICLE COLLISION
209,HUKAA ST&PAIHI; ST,AIEA,11/9/2016, ,5:57:10 PM,MOTOR VEHICLE COLLISION
210,5X H1W FWY,WAIPAHU,11/9/2016,H1W KUNIA OFF,5:55:35 PM,MOTOR VEHICLE COLLISION
211,94044X MOKUOLA ST,WAIPAHU,11/9/2016,YMCA WAIPAHU,5:53:36 PM,MOTOR VEHICLE COLLISION
212,MOANALUA RD&WAIMANO; HOME RD,PEARL CITY,11/9/2016, ,7:38:53 PM,TRAFFIC NUISANCE OR PARKING VIOLATION
213,297X ALA ILIMA,SALT LAKE,11/9/2016, ,7:33:50 PM,MOTOR VEHICLE COLLISION
214,94048X AHAULA ST,MILILANI,11/9/2016, ,7:33:01 PM,MOTOR VEHICLE COLLISION
215,KUNIA RD&KUPUNA; LOOP,KUNIA,11/9/2016, ,7:29:46 PM,MOTOR VEHICLE COLLISION
216,KUNIA ONTO H1W,KUNIA,11/9/2016,KUNIA ONTO H1W,7:29:38 PM,MOTOR VEHICLE COLLISION
217,KUAHAKA ST&WAIMANO; HOME RD,PEARL CITY,11/9/2016, ,7:24:48 PM,TRAFFIC NUISANCE OR PARKING VIOLATION
218,FARRINGTON HWY&MAKAKILO; DR,KAPOLEI,11/9/2016, ,7:18:57 PM,MOTOR VEHICLE COLLISION
219,504X KALANIANAOLE HWY,AINA HAINA,11/9/2016,HFD WAILUPE 23,7:18:38 PM,HAZARDOUS DRIVER
220,AULOA RD&PALI; HWY,KAILUA,11/9/2016, ,7:12:33 PM,STALLED/HAZARDOUS VEHICLE
221,231X KALAKAUA AVE,WAIKIKI,11/9/2016,MACYS WAIKIKI,6:56:14 PM,MOTOR VEHICLE COLLISION
222,9X H1E FWY,WAIPAHU,11/8/2016,H1E WAIAWA OP,5:38:33 PM,MOTOR VEHICLE COLLISION
223,11X H1W FWY, ,11/8/2016,H1W PEARL CITY OFF,5:34:09 PM,STALLED/HAZARDOUS VEHICLE
224,257X KALAKAUA AVE,WAIKIKI,11/8/2016,WAIKIKI BEACH HTL,5:33:56 PM,MOTOR VEHICLE COLLISION
225,11X H1W FWY,PEARL CITY,11/8/2016,H1W EXIT10 PC,5:31:44 PM,MOTOR VEHICLE COLLISION
226,KANEOHE BAY DR&MIKIOLA; DR,KANEOHE,11/8/2016, ,5:29:37 PM,MOTOR VEHICLE COLLISION
227,94014X AWANUI ST,WAIPAHU,11/8/2016, ,5:23:49 PM,MOTOR VEHICLE COLLISION
228,66052X KAM HWY,HALEIWA,11/8/2016, ,5:23:02 PM,MOTOR VEHICLE COLLISION
229,18X W MOANALUA FWY,AIEA,11/8/2016,STADIUM FROM MFW,5:22:41 PM,MOTOR VEHICLE COLLISION
230,94045X KUAHUI ST,WAIPAHU,11/8/2016, ,5:19:20 PM,MOTOR VEHICLE COLLISION
231,94014X FARRINGTON HWY,WAIPAHU,11/8/2016,DON QUIJOTE WAIPAHU,5:19:00 PM,MOTOR VEHICLE COLLISION
232,FORT WEAVER RD&RENTON; RD,EWA BEACH,11/8/2016, ,5:17:28 PM,STALLED/HAZARDOUS VEHICLE
233,67X ALA MOANA,KAKAAKO,11/8/2016,GOLD BOND BLDG,5:15:43 PM,MOTOR VEHICLE COLLISION
234,13X H1W FWY,AIEA,11/8/2016,H1W KAIMAKANI OP,5:11:02 PM,HAZARDOUS DRIVER
235,45048X KANEOHE BAY DR,KANEOHE,11/8/2016,LONGS WINDWARD CITY,5:10:18 PM,MOTOR VEHICLE COLLISION
236,KOKO HEAD AVE&WAIALAE; AVE,KAIMUKI,11/8/2016, ,4:54:57 PM,MOTOR VEHICLE COLLISION
237,11X H1W FWY,PEARL CITY,11/8/2016,H1W PEARL CITY OFF,4:53:39 PM,MOTOR VEHICLE COLLISION
238,98018X KAM HWY,AIEA,11/8/2016,ZIPPYS PEARLRIDGE,4:41:26 PM,MOTOR VEHICLE COLLISION
239,46000X KAM HWY,KANEOHE,11/8/2016,CASTLE PROFESSIONAL,4:39:21 PM,TRAFFIC NUISANCE OR PARKING VIOLATION
240,22X H1E FWY,HONOLULU,11/10/2016,H1E KINAU OFF,2:28:05 AM,TRAFFIC NUISANCE OR PARKING VIOLATION
241,MAKUAHINE ST&N; SCHOOL ST,KALIHI,11/10/2016, ,5:42:25 AM,STALLED/HAZARDOUS VEHICLE
242,22X H1W FWY,PUNCHBOWL,11/10/2016,H1W PALI OFF,5:24:00 AM,HAZARDOUS DRIVER
243,104X PUOLO DR,ALIAMANU,11/10/2016, ,4:58:50 AM,MOTOR VEHICLE COLLISION
244,NUUANU PALI DR&PALI; HWY,NUUANU,11/10/2016, ,3:51:48 PM,MOTOR VEHICLE COLLISION
245,86009X FARRINGTON HWY,WAIANAE,11/10/2016,TESORO WAIANAE,3:50:21 PM,MOTOR VEHICLE COLLISION
246,91214X FORT WEAVER RD,EWA BEACH,11/10/2016,QUEENS MED CTR WEST,3:42:46 PM,MOTOR VEHICLE COLLISION
247,75X AMANA ST,HONOLULU,11/10/2016,HOLIDAY VILLAGE COND,3:37:07 PM,MOTOR VEHICLE COLLISION
248,89064X FARRINGTON HWY,NANAKULI,11/10/2016,BLACK ROCK BCH PK,3:27:31 PM,MOTOR VEHICLE COLLISION
249,KEEAUMOKU BRIDGE, ,11/10/2016, ,3:22:41 PM,STALLED/HAZARDOUS VEHICLE
250,11X N BERETANIA ST,DOWNTOWN,11/10/2016, ,3:09:27 PM,MOTOR VEHICLE COLLISION
251,S BERETANIA ST&MCCULLY; ST,MCCULLY,11/10/2016, ,3:04:45 PM,STALLED/HAZARDOUS VEHICLE
252,PALI HWY&WAOKANAKA; ST,NUUANU,11/10/2016, ,3:04:10 PM,MOTOR VEHICLE COLLISION
253,KOKO HEAD AVE&WAIALAE; AVE,KAIMUKI,11/10/2016, ,3:03:14 PM,MOTOR VEHICLE COLLISION
254,77X PUNCHBOWL ST,HONOLULU,11/10/2016,KAAHUMANU HALE,3:02:59 PM,MOTOR VEHICLE COLLISION
255,DOLE ST&MCCULLY; ST,MANOA,11/10/2016, ,2:57:53 PM,STALLED/HAZARDOUS VEHICLE
256,53030X KAM HWY,PUNALUU,11/10/2016,PUNALUU BCH PK,2:54:34 PM,MOTOR VEHICLE COLLISION
257,11X H1E FWY,AIEA,11/9/2016,H1E KAAHELE UP,1:49:21 PM,STALLED/HAZARDOUS VEHICLE
258,145X ALA MOANA,ALA MOANA,11/9/2016,ALA MOANA SC,1:39:36 PM,MOTOR VEHICLE COLLISION
259,KAM HWY&WAIKANE; VALLEY RD,KAHALUU,11/9/2016, ,1:37:27 PM,TRAFFIC NUISANCE OR PARKING VIOLATION
260,59X KAILUA RD,KAILUA,11/9/2016,TIMES MARKET KAILUA,1:36:47 PM,MOTOR VEHICLE COLLISION
261,98021X PALI MOMI ST,AIEA,11/9/2016,BOH PEARLRIDGE,1:31:51 PM,MOTOR VEHICLE COLLISION
262,177X S KING ST,MCCULLY,11/9/2016,TIMES MARKET MCCULLY,1:27:02 PM,MOTOR VEHICLE COLLISION
263,52X MAIN ST,AIRPORT,11/9/2016,NIMITZ ES,1:26:05 PM,MOTOR VEHICLE COLLISION
264,11X H1W FWY,PEARL CITY,11/9/2016,H1W KAAHUMANU OP,1:18:37 PM,STALLED/HAZARDOUS VEHICLE
265,HAHANUI ST&HANALOA; ST,EWA BEACH,11/9/2016, ,1:09:08 PM,TRAFFIC NUISANCE OR PARKING VIOLATION
266,KAM HWY&PAALAA; UKA PUPUKEA RD,WAHIAWA,11/9/2016, ,1:08:00 PM,MOTOR VEHICLE COLLISION
267,KAMAAHA AVE&MANAWAI; ST,KAPOLEI,11/9/2016, ,1:07:13 PM,MOTOR VEHICLE COLLISION
268,422X WAIALAE AVE,WAIALAE,11/9/2016,KAHALA COMMERCIAL CE,1:05:00 PM,MOTOR VEHICLE COLLISION
269,95X KAM HWY,PEARL CITY,11/9/2016,POST OFFICE PEARL CI,1:02:17 PM,TRAFFIC NUISANCE OR PARKING VIOLATION
270,468X KALANIANAOLE HWY,WAIALAE,11/9/2016,KALANI HS,1:00:41 PM,TRAFFIC NUISANCE OR PARKING VIOLATION
271,57X H3W FWY,AIEA,11/9/2016,HARANO TUNNEL H3W,12:57:20 PM,HAZARDOUS DRIVER
272,FARRINGTON HWY&POKAI; BAY ST,WAIANAE,11/9/2016, ,12:54:48 PM,MOTOR VEHICLE COLLISION
273,91214X FORT WEAVER RD,EWA BEACH,11/9/2016,QUEENS MED CTR WEST,12:52:04 PM,HAZARDOUS DRIVER
274,S BERETANIA ST&PUNCHBOWL; ST,DOWNTOWN,11/9/2016, ,12:41:50 PM,STALLED/HAZARDOUS VEHICLE
275,633X IBIS AVE,IROQUOIS,11/9/2016, ,12:41:47 PM,MOTOR VEHICLE COLLISION
276,21X H1W FWY,NUUANU,11/9/2016,H1W SCHOOL ON,12:36:53 PM,MOTOR VEHICLE COLLISION
277,H1W H2N OFF,WAIPAHU,11/9/2016,H1W H2N OFF,12:22:39 PM,TRAFFIC NUISANCE OR PARKING VIOLATION
278,8X H1E FWY,WAIPAHU,11/9/2016,H2S ONTO H1E,12:14:07 PM,TRAFFIC NUISANCE OR PARKING VIOLATION
279,26X H1E FWY,KAIMUKI,11/9/2016,H1E KOKO HEAD OFF,12:11:27 PM,TRAFFIC NUISANCE OR PARKING VIOLATION
280,25X H1W FWY,KAIMUKI,11/9/2016,H1W KAPIOLANI OFF,12:10:46 PM,TRAFFIC NUISANCE OR PARKING VIOLATION
281,H1W 6TH OP,KAIMUKI,11/9/2016,H1W 6TH OP,12:10:16 PM,TRAFFIC NUISANCE OR PARKING VIOLATION
282,52X ALAKAWA ST,KALIHI,11/9/2016,COSTCO ALAKAWA,12:09:38 PM,MOTOR VEHICLE COLLISION
283,8TH AVE&WAIALAE; AVE,KAIMUKI,11/9/2016, ,12:07:38 PM,MOTOR VEHICLE COLLISION
284,20X H1E FWY,KALIHI,11/9/2016,H1E VINEYARD OFF,12:05:01 PM,STALLED/HAZARDOUS VEHICLE
285,FARRINGTON HWY&LUALUALEI; NAVAL,NANAKULI,11/9/2016, ,12:04:57 PM,TRAFFIC SIGNAL PROBLEM
286,22X N KUAKINI ST,NUUANU,11/9/2016,REHAB HOSP OF THE PACIFIC,11:57:31 AM,MOTOR VEHICLE COLLISION
287,113X KUALA ST,PEARL CITY,11/10/2016,LONGS PEARL CITY,6:47:50 PM,TRAFFIC INCIDENT - NO COLLISION
288,HALEKAUWILA ST&WARD; AVE,HONOLULU,11/10/2016, ,6:43:05 PM,MOTOR VEHICLE COLLISION
289,S BERETANIA ST&MCCULLY; ST,MCCULLY,11/10/2016, ,6:33:11 PM,TRAFFIC NUISANCE OR PARKING VIOLATION
290,UNIVERSITY ONTO H1E,MCCULLY,11/10/2016,UNIVERSITY ONTO H1E,6:31:27 PM,MOTOR VEHICLE COLLISION
291,91543X KAPOLEI PKWY,KAPOLEI,11/10/2016,KA MAKANA ALII,6:30:11 PM,MOTOR VEHICLE COLLISION
292,600X PALI HWY,KAILUA,11/10/2016,PALI TUNNELS D4 N,6:28:57 PM,HAZARDOUS DRIVER
293,591X KALANIANAOLE HWY,AINA HAINA,11/10/2016,HOLY TRINITY CATHOLI,6:25:45 PM,TRAFFIC NUISANCE OR PARKING VIOLATION
294,N NIMITZ HWY&PACIFIC; ST,KALIHI,11/10/2016, ,6:22:12 PM,HAZARDOUS DRIVER
295,20X H1E FWY,KALIHI,11/10/2016,H1E LIKELIKE OFF,6:20:11 PM,MOTOR VEHICLE COLLISION
296,56035X KAM HWY,KAHUKU,11/10/2016,ST ROCH CHURCH,6:19:52 PM,MOTOR VEHICLE COLLISION
297,56011X KAM HWY,LAIE,11/10/2016,MALAEKAHANA STATE PK,6:18:40 PM,MOTOR VEHICLE COLLISION
298,41130X KALANIANAOLE HWY,WAIMANALO,11/10/2016,HFD WAIMANALO 27,6:13:56 PM,MOTOR VEHICLE COLLISION
299,KAM HWY&PAALAA; RD,HALEIWA,11/10/2016, ,6:12:10 PM,HAZARDOUS DRIVER
300,JOSEPH P LEONG HWY&KAM; HWY,HALEIWA,11/10/2016, ,6:11:48 PM,MOTOR VEHICLE COLLISION
301,KAPOLEI PKWY&KOLOWAKA; DR,EWA BEACH,11/10/2016, ,5:58:39 PM,STALLED/HAZARDOUS VEHICLE
302,DATE ST&LAAU; ST,MCCULLY,11/9/2016, ,9:34:54 AM,MOTOR VEHICLE COLLISION
303,395X NIELE PL,KAIMUKI,11/9/2016, ,9:31:51 AM,MOTOR VEHICLE COLLISION
304,515X KALANIANAOLE HWY,AINA HAINA,11/9/2016,LONGS AINA HAINA,9:30:26 AM,TRAFFIC NUISANCE OR PARKING VIOLATION
305,102X KAM HWY,PEARL CITY,11/9/2016,HOME DEPOT PEARL CIT,9:29:16 AM,MOTOR VEHICLE COLLISION
306,10X H1E FWY,PEARL CITY,11/9/2016,H1E EXIT10 WAIMALU,9:24:54 AM,TRAFFIC NUISANCE OR PARKING VIOLATION
307,24X H1E FWY,MCCULLY,11/9/2016,H1E UNIVERSITY OFF,9:20:47 AM,HAZARDOUS DRIVER
308,DILLINGHAM BLVD&WAIAKAMILO; RD,KALIHI,11/9/2016, ,9:10:34 AM,TRAFFIC NUISANCE OR PARKING VIOLATION
309,FARRINGTON HWY&WAIOMEA; ST,KAPOLEI,11/9/2016, ,9:04:26 AM,MOTOR VEHICLE COLLISION
310,264X E MANOA RD,MANOA,11/9/2016, ,9:02:22 AM,MOTOR VEHICLE COLLISION
311,S BERETANIA ST&KEEAUMOKU; ST,HONOLULU,11/11/2016, ,4:31:30 AM,TRAFFIC SIGNAL PROBLEM
312,94091X FARRINGTON HWY,WAIPAHU,11/10/2016,7ELEVEN WAIPAHU,6:39:37 AM,MOTOR VEHICLE COLLISION
313,LANIKUHANA AVE&MEHEULA; PKWY,MILILANI,11/10/2016, ,6:35:25 AM,MOTOR VEHICLE COLLISION
314,KAMANANUI RD&WILIKINA; DR,WAHIAWA,11/10/2016, ,6:27:22 AM,MOTOR VEHICLE COLLISION - TOWED
315,45072X KEAAHALA RD,KANEOHE,11/10/2016, ,6:22:46 AM,TRAFFIC NUISANCE OR PARKING VIOLATION
316,KAUILA ST&PALI; HWY,NUUANU,11/10/2016, ,6:18:32 AM,MOTOR VEHICLE COLLISION
317,H1E WAIPAHU PC OFF,WAIPAHU,11/10/2016,H1E WAIPAHU PC OFF,6:18:02 AM,MOTOR VEHICLE COLLISION
318,5X H1E FWY,EWA BEACH,11/10/2016,H1E EWA OFF,6:15:39 AM,STALLED/HAZARDOUS VEHICLE
319,20X H1E FWY,KALIHI,11/10/2016,H1E VINEYARD OFF,6:04:54 AM,STALLED/HAZARDOUS VEHICLE
320,HALEAHA RD&KAM; HWY,PUNALUU,11/10/2016, ,6:02:03 AM,TRAFFIC NUISANCE OR PARKING VIOLATION
321,IHO PL&KAONOHI; ST,AIEA,11/10/2016, ,6:00:57 AM,TRAFFIC NUISANCE OR PARKING VIOLATION
322,5X H1E FWY,EWA BEACH,11/9/2016,H1E WAIPAHU EWA OFF,7:52:05 AM,HAZARDOUS DRIVER
323,10X H1E FWY,PEARL CITY,11/9/2016,H1E WAIMALU OFF,7:31:51 AM,MOTOR VEHICLE COLLISION
324,FORT WEAVER RD&KEAUNUI; DR,EWA BEACH,11/9/2016, ,7:30:31 AM,TRAFFIC SIGNAL PROBLEM
325,8X H1E FWY,WAIPAHU,11/9/2016,H2S ONTO H1E,7:28:52 AM,MOTOR VEHICLE COLLISION
326,172X CITRON ST,MCCULLY,11/9/2016, ,7:18:45 AM,TRAFFIC NUISANCE OR PARKING VIOLATION
327,KUAHELANI AVE&MEHEULA; PKWY,MILILANI,11/9/2016, ,7:14:27 AM,MOTOR VEHICLE COLLISION
328,11X H1E FWY,PEARL CITY,11/9/2016,H1E KAAHUMANU OP,7:10:08 AM,MOTOR VEHICLE COLLISION
329,1X IHOIHO PL,WAHIAWA,11/9/2016, ,7:08:07 AM,MOTOR VEHICLE COLLISION
330,10X H1E FWY,PEARL CITY,11/9/2016,H1E PEARL CITY ON,7:04:49 AM,MOTOR VEHICLE COLLISION
331,KALAKAUA AVE&OHUA; AVE,WAIKIKI,11/10/2016, ,4:51:18 PM,MOTOR VEHICLE COLLISION
332,2ND AVE&HARDING; AVE,KAIMUKI,11/10/2016, ,4:43:03 PM,MOTOR VEHICLE COLLISION
333,231X NUUANU AVE,NUUANU,11/10/2016,SEVENTH DAY ADVENTIS,4:42:39 PM,MOTOR VEHICLE COLLISION
334,KALAKAUA AVE&PHILIP; ST,MCCULLY,11/10/2016, ,4:30:37 PM,MOTOR VEHICLE COLLISION
335,376X OLD PALI RD,NUUANU,11/10/2016, ,4:30:07 PM,MOTOR VEHICLE COLLISION
336,308X WAIALAE AVE,KAIMUKI,11/10/2016,CITY MILL KAIMUKI,4:28:22 PM,MOTOR VEHICLE COLLISION
337,PACIFIC HTS RD&PAUOA; RD,PUNCHBOWL,11/10/2016, ,4:24:16 PM,TRAFFIC NUISANCE OR PARKING VIOLATION
338,NUUANU PALI DR&PALI; HWY,NUUANU,11/10/2016, ,4:17:41 PM,STALLED/HAZARDOUS VEHICLE
339,247X S KING ST,MCCULLY,11/10/2016,LONGS MOILIILI,4:17:34 PM,MOTOR VEHICLE COLLISION
340,72X IWILEI RD,KALIHI,11/10/2016,DOLE CANNERY THEATRES,4:12:07 PM,MOTOR VEHICLE COLLISION
341,H2S EXIT1A H1W HONO,WAIPIO,11/10/2016,H2S EXIT1A H1W HONO,4:11:34 PM,TRAFFIC NUISANCE OR PARKING VIOLATION
342,ALEWA DR&AULII; ST,KALIHI,11/10/2016, ,4:09:35 PM,TRAFFIC NUISANCE OR PARKING VIOLATION
343,91086X HAHANUI ST,EWA BEACH,11/10/2016, ,4:07:48 PM,TRAFFIC NUISANCE OR PARKING VIOLATION
344,27X H1E FWY,KAHALA,11/10/2016,H1E KALANIANAOLE,4:01:06 PM,TRAFFIC NUISANCE OR PARKING VIOLATION
345,25X N BERETANIA ST,DOWNTOWN,11/10/2016, ,4:00:18 PM,MOTOR VEHICLE COLLISION
346,N KUAKINI ST&NUUANU; AVE,NUUANU,11/10/2016, ,3:58:58 PM,MOTOR VEHICLE COLLISION
347,NUUANU PALI DR&PALI; HWY,NUUANU,11/10/2016,NUUANU PALI DR&PALI; HWY,3:58:24 PM,STALLED/HAZARDOUS VEHICLE
348,H1W FWY & KAONOHI ST,AIEA,11/10/2016,H1W KAONOHI OP,3:56:33 PM,STALLED/HAZARDOUS VEHICLE
349,MAUNAKEA/S BERETANIA, ,11/10/2016, ,2:53:15 PM,MOTOR VEHICLE COLLISION
350,N KING ST&MAUNAKEA; ST,DOWNTOWN,11/10/2016, ,2:48:55 PM,MOTOR VEHICLE COLLISION
351,94051X KAM HWY,WAIPIO,11/10/2016,BRIDGE KIPAPA D3 NB,2:44:02 PM,STALLED/HAZARDOUS VEHICLE
352,74X KEEAUMOKU ST,HONOLULU,11/10/2016,LIKE LIKE DRIVE INN,2:41:33 PM,MOTOR VEHICLE COLLISION
353,ANIANI PL&FARRINGTON; HWY,WAIPAHU,11/10/2016, ,2:37:12 PM,HAZARDOUS DRIVER
354,12X ONEAWA ST,KAILUA,11/10/2016,TACO BELL KAILUA,2:33:46 PM,MOTOR VEHICLE COLLISION
355,421X WAIALAE AVE,KAIMUKI,11/10/2016,KAHALA MALL,2:33:40 PM,MOTOR VEHICLE COLLISION
356,91088X FORT WEAVER RD,EWA BEACH,11/10/2016,ILIMA MS,2:32:25 PM,MOTOR VEHICLE COLLISION
357,44X N KING ST,KALIHI,11/10/2016,FHB KING LILIHA,2:31:11 PM,MOTOR VEHICLE COLLISION
358,FARRINGTON HWY&NANAKULI; AVE,NANAKULI,11/10/2016, ,2:28:10 PM,HAZARDOUS DRIVER
359,AKALA LN&S; KING ST,HONOLULU,11/10/2016, ,2:24:04 PM,MOTOR VEHICLE COLLISION
360,99000X KALALOA ST,AIEA,11/10/2016,HALAWA VIEW APTS,2:12:01 PM,MOTOR VEHICLE COLLISION
361,519X PALI HWY,NUUANU,11/10/2016,PALI TUNNELS D5 N,2:09:51 PM,STALLED/HAZARDOUS VEHICLE
362,KALAELOA BLVD&KAPOLEI; PKWY,KAPOLEI,11/10/2016, ,1:57:37 PM,TRAFFIC INCIDENT - NO COLLISION
363,57X H3W FWY,AIEA,11/10/2016,HARANO TUNNEL H3W,1:55:01 PM,HAZARDOUS DRIVER
364,24X H1E FWY,MCCULLY,11/10/2016,H1E UNIVERSITY OFF,1:52:56 PM,STALLED/HAZARDOUS VEHICLE
365,80X S BERETANIA ST,HONOLULU,11/9/2016,HPD ALAPAI,6:48:46 AM,TRAFFIC SIGNAL PROBLEM
366,5X H1E FWY,EWA BEACH,11/9/2016,H1E KUNIA OFF,6:28:21 AM,MOTOR VEHICLE COLLISION
367,5X H1E FWY,WAIPAHU,11/9/2016,H1E KUNIA ON,6:17:50 AM,MOTOR VEHICLE COLLISION
368,500X KAHALA AVE,KAHALA,11/9/2016,KAHALA HTL RESORT,5:58:04 AM,MOTOR VEHICLE COLLISION
369,888X KALANIANAOLE HWY,HAWAII KAI,11/10/2016,ALLAN DAVIS BCH,9:51:34 AM,TRAFFIC NUISANCE OR PARKING VIOLATION
370,FORT WEAVER RD&PAPIPI; RD,EWA BEACH,11/10/2016, ,9:35:01 AM,TRAFFIC SIGNAL PROBLEM
371,E HIND DR&KALANIANAOLE; HWY,AINA HAINA,11/10/2016, ,9:26:05 AM,TRAFFIC NUISANCE OR PARKING VIOLATION
372,HALEKAUWILA ST&MILILANI; ST,DOWNTOWN,11/10/2016, ,9:16:33 AM,MOTOR VEHICLE COLLISION
373,86026X FARRINGTON HWY,WAIANAE,11/10/2016,WAIANAE COMP CTR,9:08:46 AM,MOTOR VEHICLE COLLISION
374,98107X MOANALUA RD,AIEA,11/10/2016,PALI MOMI ER,8:55:18 AM,MOTOR VEHICLE COLLISION
375,16X H1E FWY,AIRPORT,11/10/2016, ,8:46:58 PM,TRAFFIC NUISANCE OR PARKING VIOLATION
376,H1E HICKAM OFF,AIEA,11/10/2016,H1E HICKAM OFF,8:43:52 PM,TRAFFIC NUISANCE OR PARKING VIOLATION
377,H1E PEARL CITY OFF,WAIPAHU,11/10/2016,H1E PEARL CITY OFF,8:37:58 PM,TRAFFIC NUISANCE OR PARKING VIOLATION
378,98009X UAO PL,AIEA,11/10/2016,LELE PONO CONDO,8:35:09 PM,MOTOR VEHICLE COLLISION
379,77X KAM HWY,PEARL CITY,11/10/2016,CHEVRON PEARL CITY,8:21:52 PM,TRAFFIC NUISANCE OR PARKING VIOLATION
380,KAM HWY&LEHUA; AVE,PEARL CITY,11/10/2016, ,8:19:00 PM,TRAFFIC NUISANCE OR PARKING VIOLATION
381,KAM HWY&MCGREW; LOOP,AIEA,11/10/2016, ,8:18:23 PM,MOTOR VEHICLE COLLISION
382,57X H3E FWY,KANEOHE,11/10/2016,HARANO TUNNEL H3E,8:18:10 PM,STALLED/HAZARDOUS VEHICLE
383,45062X KAM HWY,KANEOHE,11/10/2016,ALOHA GAS KANEOHE,8:16:22 PM,TRAFFIC NUISANCE OR PARKING VIOLATION
384,KANEOHE BAY DR&PUOHALA; ST,KANEOHE,11/10/2016, ,8:02:56 PM,HAZARDOUS DRIVER
385,MAKAKILO FROM H1W,MAKAKILO,11/10/2016,MAKAKILO FROM H1W,8:01:57 PM,STALLED/HAZARDOUS VEHICLE
386,9X H1E FWY,WAIPAHU,11/9/2016,H1E WAIAWA OP,8:54:03 AM,MOTOR VEHICLE COLLISION
387,225X KALAKAUA AVE,WAIKIKI,11/9/2016,SHERATON WKK HTL,8:43:42 AM,MOTOR VEHICLE COLLISION
388,28X KALIHI ST,KALIHI,11/9/2016, ,8:41:29 AM,MOTOR VEHICLE COLLISION
389,81X KALALEA ST,HAWAII KAI,11/9/2016, ,8:36:28 AM,MOTOR VEHICLE COLLISION
390,53X DILLINGHAM BLVD,KALIHI,11/9/2016,JITB DILLINGHAM,8:21:37 AM,MOTOR VEHICLE COLLISION
391,16X H1W FWY,AIRPORT,11/9/2016,H1W AIRPORT ON,8:17:50 AM,MOTOR VEHICLE COLLISION
392,13X H1W FWY,AIEA,11/9/2016,H1W AIEA HTS OP,8:15:17 AM,MOTOR VEHICLE COLLISION
393,KAM HWY&PUU; MOMI ST,PEARL CITY,11/9/2016, ,8:05:53 AM,MOTOR VEHICLE COLLISION
394,110X LYMAN RD,SCHOFIELD,11/9/2016,SCHOFIELD LYMAN GATE,8:05:02 AM,MOTOR VEHICLE COLLISION
395,KAIMAKANI ST&MOANALUA; RD,AIEA,11/9/2016, ,8:02:47 AM,MOTOR VEHICLE COLLISION
396,LAUULA ST&ROYAL; HAWAIIAN AVE,WAIKIKI,11/9/2016, ,8:01:20 AM,MOTOR VEHICLE COLLISION
397,9X N KAINALU DR,KAILUA,11/9/2016,ST CHRISTOPHER EPISC,8:00:57 AM,MOTOR VEHICLE COLLISION
398,94121X FARRINGTON HWY,WAIPAHU,11/9/2016,WAIPAHU HS,7:59:09 AM,MOTOR VEHICLE COLLISION
399,ALA MOANA&WARD; AVE,KAKAAKO,11/9/2016, ,7:58:25 AM,TRAFFIC INCIDENT - NO COLLISION
400,13X H1W FWY,AIEA,11/11/2016,H1W KAIMAKANI OP,12:50:28 AM,TRAFFIC NUISANCE OR PARKING VIOLATION
401,DILLINGHAM BLVD&KOHOU; ST, ,11/10/2016, ,11:50:09 AM,STALLED/HAZARDOUS VEHICLE
402,49027X KAM HWY, ,11/10/2016,KUALOA RANCH,11:42:57 AM,MOTOR VEHICLE COLLISION
403,6X H2N FWY,MILILANI,11/10/2016,H2N TECH PARK OFF,11:40:00 AM,TRAFFIC NUISANCE OR PARKING VIOLATION
404,45004X KAM HWY,KAILUA,11/10/2016,HPU KANEOHE,11:36:45 AM,MOTOR VEHICLE COLLISION
405,95025X WAIKALANI DR,MILILANI,11/10/2016,WAIKALANI WOODLANDS,11:31:57 AM,MOTOR VEHICLE COLLISION
406,87X KAPIOLANI BLVD,HONOLULU,11/10/2016,JITB KAPIOLANI,11:27:48 AM,MOTOR VEHICLE COLLISION
407,NEHOA ST&PROSPECT; ST,PUNCHBOWL,11/10/2016, ,11:21:18 AM,MOTOR VEHICLE COLLISION
408,NEHOA ST&PENSACOLA; ST,PUNCHBOWL,11/10/2016, ,11:17:05 AM,MOTOR VEHICLE COLLISION
409,23X H1W FWY,MAKIKI,11/10/2016,H1W LUNALILO OFF,11:10:41 AM,HAZARDOUS DRIVER
410,7X H1E FWY,WAIPAHU,11/10/2016,H1E WAIKELE OFF,11:10:36 AM,HAZARDOUS DRIVER
411,90X WAIAKAMILO RD,KALIHI,11/10/2016,CHEVRON KALIHI,11:03:28 AM,MOTOR VEHICLE COLLISION
412,S BERETANIA ST&PUNCHBOWL; ST,HONOLULU,11/10/2016, ,10:58:13 AM,MOTOR VEHICLE COLLISION
413,7X H1E FWY,WAIPAHU,11/10/2016,H1E WAIKELE OFF,10:54:28 AM,HAZARDOUS DRIVER
414,N NIMITZ HWY&WAIAKAMILO; RD,KALIHI,11/10/2016, ,10:52:59 AM,STALLED/HAZARDOUS VEHICLE
415,29X MACOMB RD,SCHOFIELD,11/9/2016,SCHOFIELD MACOMB GAT,5:46:28 AM,MOTOR VEHICLE COLLISION - TOWED
416,3X H1E FWY,KAPOLEI,11/9/2016,H1E EXIT3 KAPOLEI,5:37:36 AM,HAZARDOUS DRIVER
417,ANONUI ST&KUNIA; RD,WAIPAHU,11/9/2016, ,5:32:26 AM,MOTOR VEHICLE COLLISION
418,10X H1E FWY,PEARL CITY,11/9/2016,H1E WAIMALU OFF,5:08:21 AM,TRAFFIC NUISANCE OR PARKING VIOLATION
419,AWALAU ST&FARRINGTON; HWY,WAIPAHU,11/9/2016, ,4:57:27 AM,TRAFFIC NUISANCE OR PARKING VIOLATION
420,11X H1E FWY,PEARL CITY,11/9/2016,H1E KAAHUMANU OP,4:56:35 AM,STALLED/HAZARDOUS VEHICLE
421,KALALOA ST&KAM; HWY,AIEA,11/8/2016,.,10:52:26 PM,TRAFFIC NUISANCE OR PARKING VIOLATION
422,350X WELA ST,KAPAHULU,11/8/2016, ,10:44:08 PM,MOTOR VEHICLE COLLISION
423,S BERETANIA ST&POHA; LN,MCCULLY,11/8/2016, ,10:22:00 PM,MOTOR VEHICLE COLLISION
424,451X SALT LAKE BLVD,AIEA,11/8/2016,STADIUM MALL,10:21:42 PM,HAZARDOUS DRIVER
425,4X H1W FWY,MAKAKILO,11/8/2016,H1W NORTH SOUTH OFF,10:19:34 PM,STALLED/HAZARDOUS VEHICLE
426,56090X KAM HWY,KAHUKU,11/8/2016,FUMI'S,10:16:08 PM,TRAFFIC NUISANCE OR PARKING VIOLATION
427,106X KAM HWY,PEARL CITY,11/8/2016,CENTURY PARK PLZ,10:09:03 PM,MOTOR VEHICLE COLLISION
428,330X ALA LAULANI,SALT LAKE,11/9/2016,ST PHILOMENA CHURCH,12:47:01 AM,TRAFFIC NUISANCE OR PARKING VIOLATION
429,220X KALAKAUA AVE,WAIKIKI,11/9/2016,ROYAL HAWN SC A,12:25:59 AM,MOTOR VEHICLE COLLISION
430,KAIMUKI AVE&KAPIOLANI; BLVD,KAPAHULU,11/8/2016, ,9:48:35 PM,MOTOR VEHICLE COLLISION
431,HALEAKA/HELELUA, ,11/8/2016, ,9:41:40 PM,STALLED/HAZARDOUS VEHICLE
432,KALAELOA BLVD&KAUHI; ST,KAPOLEI,11/8/2016,CAMPBELL INDUSTRIAL,9:38:15 PM,MOTOR VEHICLE COLLISION
433,AHUA ST&PUKOLOA; ST,MAPUNAPUNA,11/8/2016,TOYOTA SERVCO,9:11:13 PM,MOTOR VEHICLE COLLISION
434,2X HOOLAI ST,KAILUA,11/8/2016,KAILUA TOWN PUB & GRILL,9:03:53 PM,MOTOR VEHICLE COLLISION
435,H1W FWY & KAONOHI ST,AIEA,11/10/2016,H1W KAONOHI OP,7:53:12 PM,TRAFFIC NUISANCE OR PARKING VIOLATION
436,LIME ST&PUMEHANA; ST,MCCULLY,11/10/2016, ,7:44:26 PM,MOTOR VEHICLE COLLISION
437,KAPIOLANI BLVD&WILIWILI; ST,MCCULLY,11/10/2016, ,7:43:17 PM,MOTOR VEHICLE COLLISION
438,60X HALEKAUWILA ST,HONOLULU,11/10/2016, ,7:43:12 PM,MOTOR VEHICLE COLLISION
439,AAWA DR&FORT; WEAVER RD,EWA BEACH,11/10/2016, ,7:43:05 PM,HAZARDOUS DRIVER
440,91111X KEAUNUI DR,EWA BEACH,11/10/2016,LAULANI VILLAGE SC,7:36:38 PM,MOTOR VEHICLE COLLISION
441,KAPOLEI PKWY&RENTON; RD,EWA BEACH,11/10/2016, ,7:36:12 PM,STALLED/HAZARDOUS VEHICLE
442,PUNAHOU FROM H1E,HONOLULU,11/10/2016,PUNAHOU FROM H1E,7:31:27 PM,HAZARDOUS DRIVER
443,66003X KAM HWY,HALEIWA,11/10/2016,7ELEVEN HALEIWA,7:26:20 PM,HAZARDOUS DRIVER
444,KOKO HEAD AVE&PAHOA; AVE,KAIMUKI,11/10/2016, ,7:21:44 PM,HAZARDOUS DRIVER
445,167X KAPIOLANI BLVD,HONOLULU,11/10/2016,CLUB FEMME NU,7:18:47 PM,MOTOR VEHICLE COLLISION
446,PENSACOLA ST&YOUNG; ST,HONOLULU,11/10/2016, ,7:06:34 PM,MOTOR VEHICLE COLLISION
447,S KING ST&PENSACOLA; ST,HONOLULU,11/10/2016, ,7:03:22 PM,MOTOR VEHICLE COLLISION
448,177X ALA MOANA,WAIKIKI,11/10/2016,THE MODERN,6:56:59 PM,MOTOR VEHICLE COLLISION
449,64155X KAM HWY,WAHIAWA,11/10/2016,DOLE PLANTATION,6:56:52 PM,HAZARDOUS DRIVER
450,480X BOUGAINVILLE DR,MOANALUA,11/10/2016,7ELEVEN MOANALUA CTR,6:56:04 PM,MOTOR VEHICLE COLLISION
451,53030X KAM HWY,PUNALUU,11/10/2016,PUNALUU BCH PK,7:50:06 AM,TRAFFIC NUISANCE OR PARKING VIOLATION
452,X H2S FWY,WAIPIO,11/10/2016,H2S WAIANAE OFF,7:47:43 AM,TRAFFIC NUISANCE OR PARKING VIOLATION
453,H3E HOSPITAL ROCK,KANEOHE,11/10/2016,H3E HOSPITAL ROCK,7:45:18 AM,TRAFFIC NUISANCE OR PARKING VIOLATION
454,113X KUALA ST,PEARL CITY,11/10/2016,WALMART PEARL CITY,7:38:16 AM,MOTOR VEHICLE COLLISION
455,CASTLE ST&WINAM; AVE,KAPAHULU,11/10/2016, ,7:30:11 AM,TRAFFIC NUISANCE OR PARKING VIOLATION
456,MERCHANT ST&NUUANU; AVE,DOWNTOWN,11/10/2016, ,7:29:35 AM,MOTOR VEHICLE COLLISION
457,7X H1W FWY,WAIPIO,11/10/2016,H1W WAIKELE OFF,7:23:12 AM,MOTOR VEHICLE COLLISION
458,41161X KALANIANAOLE HWY,WAIMANALO,11/10/2016,L&L;,7:21:58 AM,TRAFFIC NUISANCE OR PARKING VIOLATION
459,94052X KUNIA RD,KUNIA,11/10/2016,MONSANTO,7:20:20 AM,MOTOR VEHICLE COLLISION
460,KINO ST&N; SCHOOL ST,KALIHI,11/10/2016, ,7:07:57 AM,TRAFFIC NUISANCE OR PARKING VIOLATION
461,94059X KUPUOHI ST,WAIPAHU,11/10/2016,WALMART ROYAL KUNIA,7:06:45 AM,MOTOR VEHICLE COLLISION
462,KAM/AKIU, ,11/10/2016, ,7:05:40 AM,TRAFFIC INCIDENT - NO COLLISION
463,H2S FWY & LEILEHUA GOLF CRS RD,MILILANI,11/10/2016,H2S LEILEHUA GC OP,6:58:43 AM,TRAFFIC NUISANCE OR PARKING VIOLATION
464,95022X WAIKALANI DR,MILILANI,11/10/2016,WAIKALANI WOODLANDS,6:55:32 AM,MOTOR VEHICLE COLLISION
465,X H2S FWY, ,11/10/2016,H2S WAIANAE OFF,6:55:25 AM,STALLED/HAZARDOUS VEHICLE
466,H1W FWY & KAONOHI ST,AIEA,11/9/2016,H1W KAONOHI OP,9:47:10 PM,HAZARDOUS DRIVER
467,HAMAKUA DR&KEOLU; DR,KAILUA,11/9/2016, ,9:29:37 PM,TRAFFIC NUISANCE OR PARKING VIOLATION
468,DOLE ST&KANEWAI; ST,KAIMUKI,11/9/2016, ,9:26:03 PM,MOTOR VEHICLE COLLISION
469,200X KALIA RD,WAIKIKI,11/9/2016,HILTON HAWN VILLAGES,9:03:43 PM,MOTOR VEHICLE COLLISION
470,55018X KAM HWY,LAIE,11/9/2016,POUNDERS BCH,9:01:11 PM,HAZARDOUS DRIVER
471,10X H1E FWY,PEARL CITY,11/9/2016,H1E PEARLRIDGE OFF,8:56:44 PM,TRAFFIC NUISANCE OR PARKING VIOLATION
472,11X H1E FWY,PEARL CITY,11/9/2016,H1E KAAHUMANU OP,8:55:04 PM,TRAFFIC NUISANCE OR PARKING VIOLATION
473,22X H1E FWY,HONOLULU,11/10/2016,H1E WARD ON,3:28:03 AM,TRAFFIC NUISANCE OR PARKING VIOLATION
474,22X H1E FWY,DOWNTOWN,11/10/2016,H1E PALI ON,3:23:34 AM,TRAFFIC NUISANCE OR PARKING VIOLATION
475,22X H1E FWY,HONOLULU,11/10/2016,H1E KINAU OFF,3:20:23 AM,TRAFFIC NUISANCE OR PARKING VIOLATION
476,AUPUNI ST&KEALIA; DR,KALIHI,11/10/2016, ,12:51:08 AM,STALLED/HAZARDOUS VEHICLE
477,53030X KAM HWY,PUNALUU,11/10/2016,PUNALUU BCH PK,12:30:51 AM,TRAFFIC NUISANCE OR PARKING VIOLATION
478,10X H1E FWY,PEARL CITY,11/11/2016,H1E WAIMALU ON,5:39:58 AM,TRAFFIC NUISANCE OR PARKING VIOLATION
479,KALANIANAOLE HWY&ULUHALA; ST,KAILUA,11/11/2016, ,5:18:35 AM,HAZARDOUS DRIVER
480,KAMAAHA AVE&MANAWAI; ST,KAPOLEI,11/8/2016,KAPOLEI REGIONAL,4:33:53 PM,MOTOR VEHICLE COLLISION
481,FARRINGTON HWY&FORT; WEAVER RD,EWA BEACH,11/8/2016, ,4:31:23 PM,MOTOR VEHICLE COLLISION
482,92118X ALIINUI DR,KAPOLEI,11/8/2016,DISNEY AULANI RESORT,4:27:48 PM,MOTOR VEHICLE COLLISION
483,FARRINGTON HWY&MOKUOLA; ST,WAIPAHU,11/8/2016,WAIPAHU CIVIC CTR,4:27:36 PM,TRAFFIC NUISANCE OR PARKING VIOLATION
484,AALA ST&N; BERETANIA ST,DOWNTOWN,11/8/2016, ,4:25:42 PM,TRAFFIC INCIDENT - NO COLLISION
485,COOKE ST&KAPIOLANI; BLVD,HONOLULU,11/8/2016, ,4:22:15 PM,HAZARDOUS DRIVER
486,10X H1E FWY,PEARL CITY,11/8/2016,H1E EXIT10 WAIMALU,3:59:15 PM,TRAFFIC NUISANCE OR PARKING VIOLATION
487,25X H1W FWY,KAIMUKI,11/8/2016,H1W KAPIOLANI OFF,3:58:16 PM,HAZARDOUS DRIVER
488,21X PAIKO DR,AINA HAINA,11/8/2016, ,3:57:27 PM,MOTOR VEHICLE COLLISION
489,510X PALI HWY,NUUANU,11/8/2016,PALI LOOKOUT,3:54:59 PM,MOTOR VEHICLE COLLISION
490,FARRINGTON HWY&LEOKU; ST,WAIPAHU,11/8/2016, ,3:47:40 PM,MOTOR VEHICLE COLLISION
491,460X KAPOLEI PKWY,KAPOLEI,11/8/2016,MCDONALDS KAPOLEI W,3:40:35 PM,MOTOR VEHICLE COLLISION
492,KAM HWY&WAIHEE; RD,KAHALUU,11/8/2016, ,3:34:07 PM,MOTOR VEHICLE COLLISION
493,52X ALAKAWA ST,KALIHI,11/8/2016,COSTCO ALAKAWA,3:13:00 PM,MOTOR VEHICLE COLLISION
494,73X HAUSTEN ST,MCCULLY,11/8/2016,HAUSTEN CONDO,3:10:41 PM,MOTOR VEHICLE COLLISION
495,13X H1W FWY,AIEA,11/8/2016,H1W EXIT13A AIEA,3:09:42 PM,STALLED/HAZARDOUS VEHICLE
496,DATE ST&LAAU; ST,MCCULLY,11/8/2016, ,3:09:17 PM,STALLED/HAZARDOUS VEHICLE
497,H1W RADFORD DR,AIEA,11/8/2016,H1W RADFORD DR,3:05:00 PM,TRAFFIC NUISANCE OR PARKING VIOLATION
498,KAUMAKANI ST&LUNALILO; HOME RD,HAWAII KAI,11/8/2016, ,3:00:50 PM,MOTOR VEHICLE COLLISION - TOWED
499,S KAM HWY&OLIVE; AVE,WAHIAWA,11/8/2016, ,3:00:03 PM,MOTOR VEHICLE COLLISION
500,KUNIA RD&WILIKINA; DR,WAHIAWA,11/8/2016, ,2:58:26 PM,TRAFFIC NUISANCE OR PARKING VIOLATION
501,94023X PAIWA ST,WAIPAHU,11/8/2016,WAIPAHU DIST PK,2:57:31 PM,MOTOR VEHICLE COLLISION
502,223X KALAKAUA AVE,WAIKIKI,11/8/2016,ROYAL HAWN SC B,2:55:33 PM,MOTOR VEHICLE COLLISION
503,14X H1W FWY,AIEA,11/8/2016,H1W RADFORD PED OP,2:51:53 PM,TRAFFIC NUISANCE OR PARKING VIOLATION
504,92058X MAKAKILO DR,MAKAKILO,11/8/2016,MALAMA MARKET,2:43:17 PM,TRAFFIC NUISANCE OR PARKING VIOLATION
505,52X ALAKAWA ST,KALIHI,11/8/2016,COSTCO ALAKAWA,2:36:12 PM,MOTOR VEHICLE COLLISION
506,144X PALI HWY,DOWNTOWN,11/8/2016,YMCA NUUANU,2:25:31 PM,TRAFFIC INCIDENT - NO COLLISION
507,KAM HWY&PUPUKEA; RD,SUNSET,11/8/2016, ,2:20:21 PM,HAZARDOUS DRIVER
508,34X HAHANI ST,KAILUA,11/8/2016,TARGET KAILUA,2:18:13 PM,HAZARDOUS DRIVER
509,19X H1W FWY,KALIHI,11/8/2016,H1W MIDDLE OFF,2:17:32 PM,STALLED/HAZARDOUS VEHICLE
510,KAPIOLANI BLVD&KONA; IKI ST,HONOLULU,11/8/2016, ,2:15:56 PM,MOTOR VEHICLE COLLISION
511,73X ILIAINA ST,KAILUA,11/8/2016,KALAHEO HS,2:15:21 PM,HAZARDOUS DRIVER
512,61052X KAM HWY,HALEIWA,11/8/2016,CHUNS REEF,2:10:49 PM,HAZARDOUS DRIVER
513,400X LIKELIKE HWY,KALIHI,11/8/2016,WILSON TUNNEL D5 N,2:05:09 PM,TRAFFIC NUISANCE OR PARKING VIOLATION
514,33X ROYAL HAWAIIAN AVE,WAIKIKI,11/8/2016,DUTY FREE SHOP,1:40:49 PM,MOTOR VEHICLE COLLISION
515,19X H1W FWY,KALIHI,11/8/2016,H1W MIDDLE OFF,1:40:24 PM,TRAFFIC NUISANCE OR PARKING VIOLATION
516,MAKALOA ST&SHERIDAN; ST,HONOLULU,11/8/2016, ,1:24:57 PM,MOTOR VEHICLE COLLISION
517,99128X WAIUA PL,AIEA,11/8/2016,PINESIZE HAWAII,1:23:51 PM,MOTOR VEHICLE COLLISION
518,54021X HAUULA HMSTD RD,HAUULA,11/8/2016, ,1:20:01 PM,MOTOR VEHICLE COLLISION
519,KALAKAUA AVE&ROYAL; HAWAIIAN AV,WAIKIKI,11/8/2016, ,1:08:48 PM,MOTOR VEHICLE COLLISION
520,AULII ST&LEI; RD,KALIHI,11/8/2016, ,1:06:13 PM,MOTOR VEHICLE COLLISION
521,59X FARRINGTON HWY,KAPOLEI,11/8/2016,KAPOLEI SC-BASKIN & ROBBINS,1:03:54 PM,MOTOR VEHICLE COLLISION
522,8X H1E FWY,WAIPIO,11/8/2016,H1E H2N OFF,12:56:51 PM,HAZARDOUS DRIVER
523,98016X KALUAMOI PL,PEARL CITY,11/8/2016, ,12:55:27 PM,MOTOR VEHICLE COLLISION
524,KAPIOLANI BLVD&MAHUKONA; ST,HONOLULU,11/8/2016, ,12:53:59 PM,STALLED/HAZARDOUS VEHICLE
525,KAHEKILI HWY&KAM; HWY,KANEOHE,11/8/2016, ,12:52:20 PM,MOTOR VEHICLE COLLISION
526,N SCHOOL ST&STILLMAN; LN,NUUANU,11/8/2016, ,12:52:06 PM,MOTOR VEHICLE COLLISION
527,KAHEKILI HWY&LIKELIKE; HWY,KANEOHE,11/8/2016, ,12:51:50 PM,MOTOR VEHICLE COLLISION
528,FORT WEAVER RD&KOLOWAKA; DR,EWA BEACH,11/8/2016, ,12:43:42 PM,MOTOR VEHICLE COLLISION
529,20X H1E FWY,KALIHI,11/8/2016,H1E VINEYARD OFF,12:31:33 PM,TRAFFIC INCIDENT - NO COLLISION
530,24X H1E FWY,MCCULLY,11/8/2016,H1E UNIVERSITY OFF,12:28:24 PM,TRAFFIC NUISANCE OR PARKING VIOLATION
531,40X FARRINGTON HWY,MAKAKILO,11/8/2016,H1W EXIT1E KALAELOA,12:24:58 PM,STALLED/HAZARDOUS VEHICLE
532,9X H1W FWY,WAIPAHU,11/8/2016,H1W WAIPAHU OFF,12:17:48 PM,STALLED/HAZARDOUS VEHICLE
533,CURTIS ST&KAWAIAHAO; ST,HONOLULU,11/8/2016, ,12:14:36 PM,MOTOR VEHICLE COLLISION
534,32X KAPAHULU AVE,WAIKIKI,11/8/2016,JEFFERSON ES,12:07:47 PM,MOTOR VEHICLE COLLISION
535,90X WAIAKAMILO RD,KALIHI,11/8/2016,SALON ESENTIALS,12:01:11 PM,MOTOR VEHICLE COLLISION
536,X H1W FWY,KAPOLEI,11/8/2016,H1W CAMPBELL OFF,11:56:34 AM,HAZARDOUS DRIVER
537,92078X FARRINGTON HWY,KAPOLEI,11/8/2016,HONOKAI HALE,11:54:32 AM,HAZARDOUS DRIVER
538,N SCHOOL ST&STILLMAN; LN,NUUANU,11/8/2016, ,11:48:51 AM,MOTOR VEHICLE COLLISION
539,46000X KAM HWY,KANEOHE,11/8/2016,CASTLE PROFESSIONAL,11:40:01 AM,MOTOR VEHICLE COLLISION - TOWED
540,438X LAWEHANA ST,AIEA,11/8/2016,TARGET SALT LAKE,11:37:15 AM,MOTOR VEHICLE COLLISION
541,MANOA RD&PENEKU; PL,MANOA,11/8/2016, ,11:36:45 AM,TRAFFIC NUISANCE OR PARKING VIOLATION
542,KAIMALIE ST&KAIOPUA; ST,EWA BEACH,11/8/2016, ,11:35:30 AM,TRAFFIC NUISANCE OR PARKING VIOLATION
543,94078X HIKIMOE ST,WAIPAHU,11/8/2016,OTS WAIPAHU TRANSIT,11:26:30 AM,MOTOR VEHICLE COLLISION
544,KAULANI WAY&ONEAWA; ST,KAILUA,11/8/2016, ,11:25:34 AM,TRAFFIC INCIDENT - NO COLLISION
545,86X PUNCHBOWL ST,HONOLULU,11/8/2016,STATE DEPT OF TRANSP,11:24:32 AM,MOTOR VEHICLE COLLISION
546,330X HOOPER PL,HOKULANI,11/8/2016, ,11:22:18 AM,TRAFFIC INCIDENT - NO COLLISION
547,103X NUUANU AVE,DOWNTOWN,11/8/2016,CHINATOWN GATEWAY PL,11:21:26 AM,MOTOR VEHICLE COLLISION
548,N NIMITZ HWY&SAND; ISLAND ACC R,KALIHI,11/8/2016, ,11:15:40 AM,MOTOR VEHICLE COLLISION
549,20X H1E FWY,KALIHI,11/8/2016,H1E LIKELIKE OFF,11:12:43 AM,STALLED/HAZARDOUS VEHICLE
550,117X 21ST AVE,KAIMUKI,11/8/2016,TIMES MARKET KAHALA,10:46:23 AM,MOTOR VEHICLE COLLISION
551,KALANIANAOLE HWY&KEAHOLE; ST,HAWAII KAI,11/8/2016, ,10:39:45 AM,HAZARDOUS DRIVER
552,98031X PONOKIWILA PL,AIEA,11/8/2016, ,10:37:20 AM,MOTOR VEHICLE COLLISION
553,25X H1E FWY,MCCULLY,11/8/2016,H1E KING ON,10:32:04 AM,TRAFFIC NUISANCE OR PARKING VIOLATION
554,KAHEKILI HWY&LIKELIKE; HWY,KANEOHE,11/8/2016, ,10:28:43 AM,HAZARDOUS DRIVER
555,COOKE ST&QUEEN; ST,HONOLULU,11/8/2016, ,10:28:34 AM,TRAFFIC INCIDENT - NO COLLISION
556,ALAPAI ST&S; BERETANIA ST,HONOLULU,11/8/2016, ,10:23:58 AM,MOTOR VEHICLE COLLISION
557,25X H1E FWY,MCCULLY,11/8/2016,KING ONTO H1E,10:16:02 AM,TRAFFIC NUISANCE OR PARKING VIOLATION
558,120X PROSPECT ST,PUNCHBOWL,11/8/2016,STEVENSON MS,9:53:56 AM,MOTOR VEHICLE COLLISION
559,KALANIANAOLE HWY&KALANIIKI; ST,KAHALA,11/8/2016, ,9:50:44 AM,MOTOR VEHICLE COLLISION
560,56X ULULANI ST,KAILUA,11/8/2016, ,9:49:53 AM,MOTOR VEHICLE COLLISION
561,PALI HWY&S; SCHOOL ST,PUNCHBOWL,11/8/2016, ,9:48:50 AM,MOTOR VEHICLE COLLISION
562,16X H1E FWY,AIRPORT,11/8/2016,H1E AIRPORT OFF,9:45:50 AM,TRAFFIC NUISANCE OR PARKING VIOLATION
563,KEEAUMOKU ST&WILDER; AVE,MAKIKI,11/8/2016,KOREAN CHRIST METHODIST CHURCH,9:42:45 AM,MOTOR VEHICLE COLLISION
564,120X ALA MOANA,HONOLULU,11/8/2016,WARD CENTRE,9:37:14 AM,TRAFFIC NUISANCE OR PARKING VIOLATION
565,247X KULA KOLEA DR,KALIHI,11/8/2016,KALIHI ES,9:27:44 AM,MOTOR VEHICLE COLLISION
566,64X ULUKAHIKI ST,KAILUA,11/8/2016,CASTLE HOSPITAL,9:27:04 AM,HAZARDOUS DRIVER
567,88X KAPAHULU AVE,KAPAHULU,11/8/2016,PANDA EXPRESS,9:20:44 AM,MOTOR VEHICLE COLLISION
568,48013X KAM HWY,KAHALUU,11/8/2016,WAIAHOLE POI FACTORY,9:17:59 AM,STALLED/HAZARDOUS VEHICLE
569,123X S BERETANIA ST,HONOLULU,11/8/2016,SAFEWAY BERETANIA,9:08:20 AM,MOTOR VEHICLE COLLISION
570,297X MANOA RD,MANOA,11/8/2016, ,9:03:32 AM,MOTOR VEHICLE COLLISION
571,155X MAGAZINE ST,MAKIKI,11/8/2016, ,9:02:45 AM,MOTOR VEHICLE COLLISION
572,17X H1E FWY,AIRPORT,11/8/2016,H1E AIRPORT ON,9:01:28 AM,TRAFFIC NUISANCE OR PARKING VIOLATION
573,16X H1E FWY,AIRPORT,11/8/2016,H1E AIRPORT OFF,9:00:16 AM,TRAFFIC NUISANCE OR PARKING VIOLATION
574,H1E AIEA OFF,AIEA,11/8/2016,H1E AIEA OFF,8:57:51 AM,TRAFFIC NUISANCE OR PARKING VIOLATION
575,CAMP CATLIN RD&N; NIMITZ HWY,AIRPORT,11/8/2016, ,8:57:27 AM,MOTOR VEHICLE COLLISION
576,H2N EXIT7 MILI TECH,MILILANI,11/8/2016,H2N EXIT7 MILI TECH,8:44:50 AM,TRAFFIC NUISANCE OR PARKING VIOLATION
577,191X S KING ST,MCCULLY,11/8/2016, ,8:43:30 AM,MOTOR VEHICLE COLLISION
578,KAM/PUULOA, ,11/8/2016, ,8:37:46 AM,MOTOR VEHICLE COLLISION
579,S HOTEL ST&WARD; AVE,HONOLULU,11/8/2016, ,8:28:09 AM,MOTOR VEHICLE COLLISION
580,KAILUA RD&KUULEI; RD,KAILUA,11/8/2016, ,7:55:19 AM,TRAFFIC NUISANCE OR PARKING VIOLATION
581,212X AUPUNI ST,KALIHI,11/8/2016, ,7:50:59 AM,MOTOR VEHICLE COLLISION
582,S BERETANIA ST&MCCULLY; ST,MCCULLY,11/8/2016, ,7:43:42 AM,MOTOR VEHICLE COLLISION
583,200X KALIA RD,WAIKIKI,11/8/2016,HILTON HAWN VILLAGE,7:30:39 AM,MOTOR VEHICLE COLLISION
584,ALIIPOE DR&HALAWA; HTS RD,AIEA,11/8/2016, ,7:22:35 AM,MOTOR VEHICLE COLLISION
585,PENSACOLA ST&PROSPECT; ST,MAKIKI,11/8/2016, ,7:15:14 AM,MOTOR VEHICLE COLLISION
586,600X PALI HWY,KAILUA,11/8/2016,PALI TUNNELS D4 S,7:01:46 AM,STALLED/HAZARDOUS VEHICLE
587,98071X MOANALUA RD,PEARL CITY,11/8/2016,BUZZ STEAK HOUSE,6:53:31 AM,MOTOR VEHICLE COLLISION
588,KAM HWY&WAIMANO; HOME RD,PEARL CITY,11/8/2016, ,6:40:50 AM,TRAFFIC NUISANCE OR PARKING VIOLATION
589,KALANIANAOLE HWY&PUUIKENA; DR,AINA HAINA,11/8/2016, ,6:40:42 AM,HAZARDOUS DRIVER
590,KALANIANAOLE HWY&KEOLU; DR,WAIMANALO,11/8/2016, ,6:39:20 AM,TRAFFIC NUISANCE OR PARKING VIOLATION
591,S KING/ALAPAI, ,11/8/2016, ,6:36:01 AM,STALLED/HAZARDOUS VEHICLE
592,528X KALANIANAOLE HWY,AINA HAINA,11/8/2016,HOLY NATIVITY CHURCH,6:34:25 AM,MOTOR VEHICLE COLLISION
593,7X H1E FWY,WAIPAHU,11/8/2016,H1E WAIKELE ON,6:26:06 AM,MOTOR VEHICLE COLLISION
594,PALOLO AVE&WAIALAE; AVE,KAIMUKI,11/8/2016,MCDONALDS,6:25:46 AM,MOTOR VEHICLE COLLISION
595,ARIZONA ST&KAM; HWY,AIEA,11/8/2016, ,6:24:48 AM,TRAFFIC NUISANCE OR PARKING VIOLATION
596,504X KALANIANAOLE HWY,AINA HAINA,11/8/2016,EMS WAILUPE,6:22:59 AM,MOTOR VEHICLE COLLISION
597,65060X KAUKONAHUA RD,WAIALUA,11/8/2016,UH POAMOHO EXPERIMENTAL,6:21:14 AM,TRAFFIC NUISANCE OR PARKING VIOLATION
598,400X LIKELIKE HWY,KALIHI,11/8/2016,WILSON TUNNEL D5 N,5:32:45 AM,TRAFFIC NUISANCE OR PARKING VIOLATION
599,KAONOHI ST&MOANALUA; RD,AIEA,11/8/2016, ,5:30:55 AM,MOTOR VEHICLE COLLISION
600,27X H1W FWY,KAIMUKI,11/8/2016,H1W WAIALAE OFF,3:57:11 AM,TRAFFIC NUISANCE OR PARKING VIOLATION
601,311X DIAMOND HEAD RD,KAHALA,11/8/2016,MAKALEI BCH PK,2:56:36 AM,MOTOR VEHICLE COLLISION
602,ATKINSON DR&KAPIOLANI; BLVD,ALA MOANA,11/8/2016, ,2:03:37 AM,MOTOR VEHICLE COLLISION
603,41153X KALANIANAOLE HWY,WAIMANALO,11/8/2016,JITB WAIMANALO,1:16:13 AM,MOTOR VEHICLE COLLISION
604,DILLINGHAM BLVD&LILIHA; ST,KALIHI,11/8/2016, ,1:08:02 AM,MOTOR VEHICLE COLLISION
605,KAUKONAHUA RD&WILIKINA; DR,WAHIAWA,11/8/2016, ,12:32:02 AM,HAZARDOUS DRIVER
606,34X HAHANI ST,KAILUA,11/7/2016,TARGET KAILUA,10:11:15 PM,MOTOR VEHICLE COLLISION
607,47025X HUI IWA ST,KANEOHE,11/7/2016,MCDONALDS TEMPLE VLY,10:08:53 PM,HAZARDOUS DRIVER
608,HUNAKAI ST&KILAUEA; AVE,KAHALA,11/7/2016, ,10:05:01 PM,TRAFFIC NUISANCE OR PARKING VIOLATION
609,AOLELE ST&RODGERS; BLVD,AIRPORT,11/7/2016, ,10:02:43 PM,MOTOR VEHICLE COLLISION
610,165X ALA MOANA,WAIKIKI,11/7/2016,HELIPAD,9:39:34 PM,MOTOR VEHICLE COLLISION
611,80X KAHEKA ST,HONOLULU,11/7/2016,DON QUIJOTE HONOLULU,9:38:27 PM,MOTOR VEHICLE COLLISION
612,20X H1E FWY,KALIHI,11/7/2016,H1E VINEYARD OFF,9:36:15 PM,HAZARDOUS DRIVER
613,ALAKAWA ST&N; NIMITZ HWY,KALIHI,11/7/2016, ,9:31:52 PM,TRAFFIC SIGNAL PROBLEM
614,21X H1E FWY,KALIHI,11/7/2016,H1E LILIHA ACCESS OP,9:16:21 PM,HAZARDOUS DRIVER
615,ALAPIO RD&PUPUKEA; RD,SUNSET,11/7/2016, ,9:13:19 PM,TRAFFIC NUISANCE OR PARKING VIOLATION
616,KAPAHULU AVE&WINAM; AVE,KAPAHULU,11/7/2016, ,9:06:48 PM,MOTOR VEHICLE COLLISION
617,174X MAHANI LOOP,KALIHI,11/7/2016, ,9:00:52 PM,MOTOR VEHICLE COLLISION
618,87002X FARRINGTON HWY,MAILI,11/7/2016,MAILI BCH PK,8:50:49 PM,STALLED/HAZARDOUS VEHICLE
619,MAILE WAY&UNIVERSITY; AVE,MANOA,11/7/2016, ,8:44:05 PM,MOTOR VEHICLE COLLISION
620,80X S BERETANIA ST,HONOLULU,11/7/2016,HPD ALAPAI,8:33:13 PM,TRAFFIC NUISANCE OR PARKING VIOLATION
621,98011X KAONOHI ST,AIEA,11/7/2016,ANNA MILLERS,8:18:45 PM,MOTOR VEHICLE COLLISION
622,KOOLANI DR&UKUWAI; ST,MILILANI,11/7/2016, ,8:15:01 PM,TRAFFIC NUISANCE OR PARKING VIOLATION
623,158X KAPIOLANI BLVD,HONOLULU,11/7/2016,FHB KAPIOLANI,8:01:01 PM,MOTOR VEHICLE COLLISION
624,X ALOHA TOWER DR,DOWNTOWN,11/7/2016,ALOHA TOWER,7:53:10 PM,MOTOR VEHICLE COLLISION
625,260X PAMOA RD,MANOA,11/7/2016, ,7:45:48 PM,MOTOR VEHICLE COLLISION
626,91144X FARRINGTON HWY,EWA BEACH,11/7/2016,ALOUN FARM,7:44:07 PM,TRAFFIC NUISANCE OR PARKING VIOLATION
627,91230X OLD FORT WEAVER RD,EWA BEACH,11/7/2016,KAHI MOHALA,7:39:10 PM,TRAFFIC NUISANCE OR PARKING VIOLATION
628,98045X HOOKANIKE ST,PEARL CITY,11/7/2016,WAIAU ES,7:29:50 PM,TRAFFIC NUISANCE OR PARKING VIOLATION
629,ALAKEA ST&S; HOTEL ST,DOWNTOWN,11/7/2016, ,7:28:44 PM,TRAFFIC NUISANCE OR PARKING VIOLATION
630,KAM HWY&KAMANANUI; RD,WAHIAWA,11/7/2016, ,7:20:47 PM,TRAFFIC NUISANCE OR PARKING VIOLATION
631,KAPIOLANI BLVD&MCCULLY; ST,MCCULLY,11/7/2016, ,7:16:50 PM,TRAFFIC NUISANCE OR PARKING VIOLATION
632,40X FARRINGTON HWY,KAPOLEI,11/7/2016,WET N WILD,7:16:49 PM,MOTOR VEHICLE COLLISION
633,26X H1W FWY,KAIMUKI,11/7/2016,11TH ONTO H1W,7:13:54 PM,STALLED/HAZARDOUS VEHICLE
634,X H1E FWY,KAPOLEI,11/7/2016,H1E KAPOLEI OFF,7:12:29 PM,TRAFFIC NUISANCE OR PARKING VIOLATION
635,94095X KAHUAILANI ST,WAIPAHU,11/7/2016, ,7:09:58 PM,MOTOR VEHICLE COLLISION
636,5X H1W FWY,KUNIA,11/7/2016,H1W EWA OFF,7:01:24 PM,MOTOR VEHICLE COLLISION
637,4X H1W FWY,MAKAKILO,11/7/2016,H1W NORTH SOUTH OFF,7:01:08 PM,MOTOR VEHICLE COLLISION
638,186X ALA MOANA,WAIKIKI,11/7/2016,WAILANA COFFEE HOUSE,7:00:49 PM,MOTOR VEHICLE COLLISION
639,13X H1E FWY,AIEA,11/7/2016,H1E EXIT13A H3E,6:59:06 PM,MOTOR VEHICLE COLLISION
640,94079X LUMIAINA ST,WAIPIO,11/7/2016,WAIKELE CTR-PETCO,6:58:43 PM,MOTOR VEHICLE COLLISION
641,24X DOWSETT AVE,NUUANU,11/7/2016, ,6:52:29 PM,TRAFFIC NUISANCE OR PARKING VIOLATION
642,15X KAIULANI AVE,WAIKIKI,11/7/2016,ALAMO RAC,6:50:20 PM,MOTOR VEHICLE COLLISION
643,KAM HWY&KAMANANUI; RD,WAHIAWA,11/7/2016, ,6:39:46 PM,TRAFFIC NUISANCE OR PARKING VIOLATION
644,167X MAKALOA ST,HONOLULU,11/7/2016,PALAMA SUPERMARKET,6:38:25 PM,MOTOR VEHICLE COLLISION
645,FORT ST MALL&S; NIMITZ HWY,DOWNTOWN,11/7/2016, ,6:33:00 PM,TRAFFIC NUISANCE OR PARKING VIOLATION
646,9X H1W FWY,WAIPAHU,11/7/2016,H1W WAIPAHU OFF,6:31:56 PM,MOTOR VEHICLE COLLISION
647,GEIGER RD&KAPOLEI; PKWY,EWA BEACH,11/7/2016, ,6:23:21 PM,MOTOR VEHICLE COLLISION
648,KAM HWY&KAMANANUI; RD,WAHIAWA,11/7/2016, ,6:17:39 PM,TRAFFIC NUISANCE OR PARKING VIOLATION
649,8TH AVE&WAIALAE; AVE,KAIMUKI,11/7/2016, ,6:15:19 PM,STALLED/HAZARDOUS VEHICLE
650,91103X SHANGRILA ST,KALAELOA,11/7/2016,US VET,6:10:26 PM,MOTOR VEHICLE COLLISION
651,LIKELIKE FROM H1W,KALIHI,11/7/2016,LIKELIKE FROM H1W,6:04:17 PM,MOTOR VEHICLE COLLISION
652,FUNCHAL ST&PAUOA; RD,NUUANU,11/7/2016, ,5:59:12 PM,MOTOR VEHICLE COLLISION
653,KALAKAUA AVE&YOUNG; ST,HONOLULU,11/7/2016, ,5:53:20 PM,MOTOR VEHICLE COLLISION
654,456X LIKINI ST,SALT LAKE,11/7/2016, ,5:50:08 PM,MOTOR VEHICLE COLLISION
655,49047X KAM HWY,KAHALUU,11/7/2016,KUALOA REGIONAL PK,5:42:33 PM,HAZARDOUS DRIVER
656,94045X AWAMOI ST,WAIPAHU,11/7/2016, ,5:40:48 PM,MOTOR VEHICLE COLLISION
657,13X H1W FWY,AIEA,11/7/2016,MFW ONTO H1W,5:36:55 PM,MOTOR VEHICLE COLLISION
658,30X HALEKAUWILA ST,DOWNTOWN,11/7/2016, ,5:24:15 PM,TRAFFIC NUISANCE OR PARKING VIOLATION
659,591X PALI HWY,KAILUA,11/7/2016,ESCAPE RAMP PALI NB,5:16:27 PM,TRAFFIC NUISANCE OR PARKING VIOLATION
660,11X H1W FWY,PEARL CITY,11/7/2016,H1W PEARL CITY OFF,5:15:27 PM,MOTOR VEHICLE COLLISION
661,212X WILDER AVE,MANOA,11/7/2016, ,5:14:40 PM,STALLED/HAZARDOUS VEHICLE
662,HAWAII KAI DR&PEPEEKEO; ST,HAWAII KAI,11/7/2016, ,5:13:24 PM,TRAFFIC SIGNAL PROBLEM
663,S KING ST&WARD; AVE,HONOLULU,11/7/2016, ,5:12:25 PM,HAZARDOUS DRIVER
664,HALEMAUMAU ST&KALANIANAOLE; HWY,AINA HAINA,11/7/2016, ,5:11:51 PM,MOTOR VEHICLE COLLISION
665,56017X PUALALEA ST,KAHUKU,11/7/2016,KAHUKU DIST PK,5:06:01 PM,MOTOR VEHICLE COLLISION
666,H1W FWY & KAONOHI ST,AIEA,11/7/2016,H1W KAONOHI OP,5:03:50 PM,TRAFFIC NUISANCE OR PARKING VIOLATION
667,H2N WAHIAWA OFF,MILILANI,11/7/2016,H2N WAHIAWA OFF,5:03:05 PM,TRAFFIC NUISANCE OR PARKING VIOLATION
668,KILAUEA AVE&MALIA; ST,WAIALAE,11/7/2016, ,5:02:02 PM,MOTOR VEHICLE COLLISION
669,316X HARDING AVE,KAIMUKI,11/7/2016, ,4:56:45 PM,MOTOR VEHICLE COLLISION
670,KAWAIAHAO ST&SOUTH; ST,HONOLULU,11/7/2016, ,4:54:37 PM,MOTOR VEHICLE COLLISION - TOWED
671,174X MAHANI LOOP,KALIHI,11/7/2016, ,4:51:13 PM,MOTOR VEHICLE COLLISION
672,COOKE ST&QUEEN; ST,HONOLULU,11/8/2016, ,7:36:55 PM,MOTOR VEHICLE COLLISION
673,91055X KULANA PL,EWA BEACH,11/8/2016, ,7:36:28 PM,MOTOR VEHICLE COLLISION
674,COOKE ST&QUEEN; ST,HONOLULU,11/8/2016, ,7:36:13 PM,MOTOR VEHICLE COLLISION
675,20X H1W FWY,KALIHI,11/8/2016,H1W HOUGHTAILING OFF,7:32:16 PM,STALLED/HAZARDOUS VEHICLE
676,KAM HWY&WAIAWA; RD,PEARL CITY,11/8/2016, ,7:19:18 PM,TRAFFIC NUISANCE OR PARKING VIOLATION
677,242X PALI HWY,NUUANU,11/8/2016,HAWAII BAPTIST ACADE,7:09:38 PM,TRAFFIC NUISANCE OR PARKING VIOLATION
678,95022X KIPAPA DR,MILILANI,11/8/2016,24HR FITNESS MILILAN,7:08:40 PM,MOTOR VEHICLE COLLISION
679,H3E HOSPITAL ROCK,KANEOHE,11/8/2016,H3E HOSPITAL ROCK,7:08:39 PM,HAZARDOUS DRIVER
680,N NIMITZ HWY&WAIAKAMILO; RD,KALIHI,11/8/2016, ,7:04:28 PM,TRAFFIC NUISANCE OR PARKING VIOLATION
681,KAIWAWALO ST&KEONEULA; BLVD,EWA BEACH,11/8/2016, ,6:57:59 PM,HAZARDOUS DRIVER
682,65X CALIFORNIA AVE,WAHIAWA,11/8/2016,7ELEVEN WAHIAWA,6:57:00 PM,MOTOR VEHICLE COLLISION
683,64X ULUKAHIKI ST,KAILUA,11/8/2016,CASTLE HOSPITAL,6:52:28 PM,TRAFFIC NUISANCE OR PARKING VIOLATION
684,94030X PAIWA ST,WAIPAHU,11/8/2016, ,6:43:16 PM,MOTOR VEHICLE COLLISION
685,91214X FORT WEAVER RD,EWA BEACH,11/8/2016,QUEENS MED CTR WEST,6:39:24 PM,MOTOR VEHICLE COLLISION
686,94006X FARRINGTON HWY,WAIPAHU,11/10/2016,LONGS WAIPAHU TWNCTR,10:46:01 AM,MOTOR VEHICLE COLLISION
687,183X WILIKINA DR,WAHIAWA,11/10/2016,KEMOO BY THE LAKE,10:44:41 AM,MOTOR VEHICLE COLLISION
688,73X AHUA ST,MAPUNAPUNA,11/10/2016, ,10:40:11 AM,MOTOR VEHICLE COLLISION
689,98001X KAM HWY,AIEA,11/10/2016,CUTTER FORD,10:39:03 AM,MOTOR VEHICLE COLLISION
690,315X MONSARRAT AVE,KAPAHULU,11/10/2016,DIAMOND HD HILLSIDE,10:37:36 AM,MOTOR VEHICLE COLLISION
691,N NIMITZ HWY&PUUHALE; RD,KALIHI,11/10/2016, ,10:36:07 AM,STALLED/HAZARDOUS VEHICLE
692,MALUNIU AVE&ULUNIU; ST,KAILUA,11/10/2016, ,10:34:07 AM,MOTOR VEHICLE COLLISION
693,S KUAKINI ST&PALI; HWY,NUUANU,11/10/2016, ,10:32:51 AM,MOTOR VEHICLE COLLISION
694,H1E FWY & QUEEN EMMA ST,DOWNTOWN,11/10/2016,H1E QUEEN EMMA OP,10:30:57 AM,MOTOR VEHICLE COLLISION
695,99031X MOANALUA RD,AIEA,11/10/2016,ST ELIZABETH SCH,10:26:13 AM,MOTOR VEHICLE COLLISION
696,56X HALEKAUWILA ST, ,11/10/2016, ,10:26:11 AM,MOTOR VEHICLE COLLISION
697,MILILANI HS, ,11/10/2016, ,10:24:15 AM,MOTOR VEHICLE COLLISION
698,92050X FARRINGTON HWY,KAPOLEI,11/10/2016,KOOLINA RESORT,10:22:14 AM,MOTOR VEHICLE COLLISION
699,81X PINE ST,KALIHI,11/10/2016, ,10:20:24 AM,MOTOR VEHICLE COLLISION
700,102X KAM HWY,PEARL CITY,11/10/2016,HOME DEPOT PEARL CIT,10:13:51 AM,MOTOR VEHICLE COLLISION
701,162X N SCHOOL ST,KALIHI,11/10/2016,ASB KAM SC,10:11:43 AM,MOTOR VEHICLE COLLISION
702,296X MAPUNAPUNA PL,MAPUNAPUNA,11/10/2016,BOH MAPUNAPUNA,10:11:01 AM,MOTOR VEHICLE COLLISION
703,11X H1W FWY,PEARL CITY,11/10/2016,H1W PEARL CITY OFF,10:00:53 AM,TRAFFIC NUISANCE OR PARKING VIOLATION
704,KAINUI DR&ONEAWA; ST,KAILUA,11/10/2016, ,10:00:49 AM,STALLED/HAZARDOUS VEHICLE
705,MAIPUHI PL&MAIPUHI; ST,EWA BEACH,11/10/2016, ,9:56:35 AM,MOTOR VEHICLE COLLISION
